Protocollo;Gruppo;DataOraIncidente;Localizzazione1;STRADA1;Localizzazione2;STRADA2;Strada02;Chilometrica;DaSpecificare;NaturaIncidente;particolaritastrade;TipoStrada;FondoStradale;Pavimentazione;Segnaletica;CondizioneAtmosferica;Traffico;Visibilita;Illuminazione;NUM_FERITI;NUM_RISERVATA;NUM_MORTI;NUM_ILLESI;Longitudine;Latitudine;Confermato;Progressivo;TipoVeicolo;StatoVeicolo;TipoPersona;Sesso;Tipolesione;Deceduto;DecedutoDopo;CinturaCascoUtilizzato;Airbag;
3978686;20;07/09/2018 16:30:00;Strada Urbana;VIA DI VILLA SEVERINI;in prossimità;;del civico n.;22;;Scontro laterale fra veicoli in marcia;Rettilineo;Una carreggiata a senso unico di marcia;Asciutto;Asfaltata;Orizzontale;Sereno;Normale;Buona;Ore Diurne;0;0;0;3;12.4704;41.948;-1;1;Quadriciclo leggero;In marcia / fermata / arresto;Passeggero;M;Illeso;0;;Non accertato;Inesistente
3978686;20;07/09/2018 16:30:00;Strada Urbana;VIA DI VILLA SEVERINI;in prossimità;;del civico n.;22;;Scontro laterale fra veicoli in marcia;Rettilineo;Una carreggiata a senso unico di marcia;Asciutto;Asfaltata;Orizzontale;Sereno;Normale;Buona;Ore Diurne;0;0;0;3;12.4704;41.948;-1;2;Autocarro inferiore 35 q.;In marcia / fermata / arresto;Conducente;M;Illeso;0;;Non accertato;Inesploso
3978696;16;07/09/2018 17:25:00;Strada Urbana;VIA DI BRAVETTA;all'intersezione con;VIA DEI FELTRESCHI;VIA DEI FELTRESCHI;;;Scontro frontale/laterale SX fra veicoli in marcia;Incrocio;Una carreggiata a doppio senso;Asciutto;Asfaltata;Orizzontale;Sereno;Normale;Buona;Ore Diurne;0;0;0;3;12.4257;41.8762;-1;1;Autovettura privata;In marcia / fermata / arresto;Conducente;M;Illeso;0;;Non accertato;Inesploso
3978696;16;07/09/2018 17:25:00;Strada Urbana;VIA DI BRAVETTA;all'intersezione con;VIA DEI FELTRESCHI;VIA DEI FELTRESCHI;;;Scontro frontale/laterale SX fra veicoli in marcia;Incrocio;Una carreggiata a doppio senso;Asciutto;Asfaltata;Orizzontale;Sereno;Normale;Buona;Ore Diurne;0;0;0;3;12.4257;41.8762;-1;2;Autovettura privata;In marcia / fermata / arresto;Conducente;M;Illeso;0;;Non accertato;Inesploso
3978696;16;07/09/2018 17:25:00;Strada Urbana;VIA DI BRAVETTA;all'intersezione con;VIA DEI FELTRESCHI;VIA DEI FELTRESCHI;;;Scontro frontale/laterale SX fra veicoli in marcia;Incrocio;Una carreggiata a doppio senso;Asciutto;Asfaltata;Orizzontale;Sereno;Normale;Buona;Ore Diurne;0;0;0;3;12.4257;41.8762;-1;3;Autovettura privata;In marcia / fermata / arresto;Conducente;M;Illeso;0;;Non accertato;Inesploso
3978698;20;07/09/2018 17:25:00;Strada Urbana;VIA DI VILLA SEVERINI;in corrispondenza;;del civico n.;36;;Veicolo in marcia contro veicolo fermo;Rettilineo;Una carreggiata a senso unico di marcia;Asciutto;Asfaltata;Orizzontale;Sereno;Normale;Buona;Ore Diurne;0;0;0;2;12.4704;41.948;-1;1;Autocarro inferiore 35 q.;In marcia / fermata / arresto;Conducente;M;Illeso;0;;Non accertato;Inesploso
3978698;20;07/09/2018 17:25:00;Strada Urbana;VIA DI VILLA SEVERINI;in corrispondenza;;del civico n.;36;;Veicolo in marcia contro veicolo fermo;Rettilineo;Una carreggiata a senso unico di marcia;Asciutto;Asfaltata;Orizzontale;Sereno;Normale;Buona;Ore Diurne;0;0;0;2;12.4704;41.948;-1;2;Autovettura privata;In marcia / fermata / arresto;Conducente;M;Illeso;0;;Non accertato;Inesploso
3978702;16;07/09/2018 18:45:00;Strada Urbana;VIA LEONE XIII;da specificare;;;;fronte palo ACEA n. 34;Veicolo in marcia contro veicoli in sosta;Rettilineo;Due carreggiate;Asciutto;Asfaltata;Orizzontale;Sereno;Normale;Buona;Ore Diurne;3;0;0;0;12.4404;41.8869;-1;2;Autovettura privata;In marcia / fermata / arresto;Conducente;F;Rimandato;0;NON DECEDUTO;Non accertato;Esploso
3978702;16;07/09/2018 18:45:00;Strada Urbana;VIA LEONE XIII;da specificare;;;;fronte palo ACEA n. 34;Veicolo in marcia contro veicoli in sosta;Rettilineo;Due carreggiate;Asciutto;Asfaltata;Orizzontale;Sereno;Normale;Buona;Ore Diurne;3;0;0;0;12.4404;41.8869;-1;2;Autovettura privata;In marcia / fermata / arresto;Passeggero;M;Rimandato;0;NON DECEDUTO;Non accertato;
3978702;16;07/09/2018 18:45:00;Strada Urbana;VIA LEONE XIII;da specificare;;;;fronte palo ACEA n. 34;Veicolo in marcia contro veicoli in sosta;Rettilineo;Due carreggiate;Asciutto;Asfaltata;Orizzontale;Sereno;Normale;Buona;Ore Diurne;3;0;0;0;12.4404;41.8869;-1;2;Autovettura privata;In marcia / fermata / arresto;Passeggero;M;Rimandato;0;NON DECEDUTO;Non accertato;
3978709;20;07/09/2018 21:10:00;Strada Urbana;LUNGOTEVERE MARESCIALLO DIAZ;da specificare;;;;prossimità Ponte Duca d'Aosta;Veicolo in marcia contro ostacolo fisso;Rettilineo;Due carreggiate;Asciutto;Asfaltata;Orizzontale;Sereno;Normale;Sufficiente;Sufficiente;0;0;0;1;12.462;41.9339;-1;1;Autovettura privata;In marcia / fermata / arresto;Conducente;M;Illeso;0;;Non accertato;Inesploso
3978745;2;07/09/2018 09:40:00;Strada Urbana;VIALE REGINA MARGHERITA;in corrispondenza;;del civico n.;162;;Scontro laterale fra veicoli in marcia;Rettilineo;Una carreggiata a doppio senso;Bagnato (pioggia);Asfaltata;Verticale ed orizzontale;Pioggia in atto;Normale;Buona;Ore Diurne;0;0;0;4;12.5037;41.9152;-1;1;Autovettura privata;In marcia / fermata / arresto;Conducente;F;Illeso;0;;;
3978745;2;07/09/2018 09:40:00;Strada Urbana;VIALE REGINA MARGHERITA;in corrispondenza;;del civico n.;162;;Scontro laterale fra veicoli in marcia;Rettilineo;Una carreggiata a doppio senso;Bagnato (pioggia);Asfaltata;Verticale ed orizzontale;Pioggia in atto;Normale;Buona;Ore Diurne;0;0;0;4;12.5037;41.9152;-1;2;Autovettura di polizia;In marcia / fermata / arresto;Conducente;M;Illeso;0;;;
3978745;2;07/09/2018 09:40:00;Strada Urbana;VIALE REGINA MARGHERITA;in corrispondenza;;del civico n.;162;;Scontro laterale fra veicoli in marcia;Rettilineo;Una carreggiata a doppio senso;Bagnato (pioggia);Asfaltata;Verticale ed orizzontale;Pioggia in atto;Normale;Buona;Ore Diurne;0;0;0;4;12.5037;41.9152;-1;2;Autovettura di polizia;In marcia / fermata / arresto;Passeggero;M;Illeso;0;;;
3978745;2;07/09/2018 09:40:00;Strada Urbana;VIALE REGINA MARGHERITA;in corrispondenza;;del civico n.;162;;Scontro laterale fra veicoli in marcia;Rettilineo;Una carreggiata a doppio senso;Bagnato (pioggia);Asfaltata;Verticale ed orizzontale;Pioggia in atto;Normale;Buona;Ore Diurne;0;0;0;4;12.5037;41.9152;-1;2;Autovettura di polizia;In marcia / fermata / arresto;Passeggero;F;Illeso;0;;;
3978748;2;07/09/2018 11:30:00;Strada Urbana;VIA DEI CAMPI SPORTIVI;all'intersezione con;VIA DELL'AGONISTICA;VIA DELL'AGONISTICA;;;Scontro frontale/laterale DX fra veicoli in marcia;Incrocio;Una carreggiata a doppio senso;Bagnato (pioggia);Asfaltata;Verticale ed orizzontale;Nuvoloso;Normale;Buona;Ore Diurne;0;0;0;3;12.4903;41.9358;-1;1;Autovettura privata;In marcia / fermata / arresto;Conducente;M;Illeso;0;;Non accertato;Inesploso
3978748;2;07/09/2018 11:30:00;Strada Urbana;VIA DEI CAMPI SPORTIVI;all'intersezione con;VIA DELL'AGONISTICA;VIA DELL'AGONISTICA;;;Scontro frontale/laterale DX fra veicoli in marcia;Incrocio;Una carreggiata a doppio senso;Bagnato (pioggia);Asfaltata;Verticale ed orizzontale;Nuvoloso;Normale;Buona;Ore Diurne;0;0;0;3;12.4903;41.9358;-1;2;Autovettura privata;In marcia / fermata / arresto;Conducente;M;Illeso;0;;Non accertato;Inesploso
3978748;2;07/09/2018 11:30:00;Strada Urbana;VIA DEI CAMPI SPORTIVI;all'intersezione con;VIA DELL'AGONISTICA;VIA DELL'AGONISTICA;;;Scontro frontale/laterale DX fra veicoli in marcia;Incrocio;Una carreggiata a doppio senso;Bagnato (pioggia);Asfaltata;Verticale ed orizzontale;Nuvoloso;Normale;Buona;Ore Diurne;0;0;0;3;12.4903;41.9358;-1;3;Autovettura privata;In marcia / fermata / arresto;Conducente;M;Illeso;0;;Non accertato;Inesploso
3978749;2;07/09/2018 19:10:00;Strada Urbana;VIALE DELLA MOSCHEA;in prossimità;;del civico n.;50;;Tamponamento;Curva a visuale libera;Una carreggiata a doppio senso;Asciutto;Asfaltata;Verticale ed orizzontale;Sereno;Normale;Buona;Sufficiente;1;0;0;1;12.4866;41.931;-1;1;Autovettura privata;In marcia / fermata / arresto;Conducente;M;Illeso;0;;;
3978749;2;07/09/2018 19:10:00;Strada Urbana;VIALE DELLA MOSCHEA;in prossimità;;del civico n.;50;;Tamponamento;Curva a visuale libera;Una carreggiata a doppio senso;Asciutto;Asfaltata;Verticale ed orizzontale;Sereno;Normale;Buona;Sufficiente;1;0;0;1;12.4866;41.931;-1;2;Motociclo a solo;In marcia / fermata / arresto;Conducente;M;Ricoverato;0;NON DECEDUTO;;
3978751;2;08/09/2018 00:15:00;Strada Urbana;VIA ALESSANDRIA;all'intersezione con;VIA REGGIO EMILIA;VIA REGGIO EMILIA;;;Scontro frontale/laterale DX fra veicoli in marcia;Intersezione stradale segnalata;Una carreggiata a senso unico di marcia;Asciutto;Asfaltata;Verticale;Sereno;Scarso;Buona;Sufficiente;0;0;0;5;12.5039;41.9127;-1;1;Autovettura privata;In marcia / fermata / arresto;Conducente;M;Illeso;0;;Non accertato;Inesploso
3978751;2;08/09/2018 00:15:00;Strada Urbana;VIA ALESSANDRIA;all'intersezione con;VIA REGGIO EMILIA;VIA REGGIO EMILIA;;;Scontro frontale/laterale DX fra veicoli in marcia;Intersezione stradale segnalata;Una carreggiata a senso unico di marcia;Asciutto;Asfaltata;Verticale;Sereno;Scarso;Buona;Sufficiente;0;0;0;5;12.5039;41.9127;-1;2;Autovettura privata;In marcia / fermata / arresto;Conducente;M;Illeso;0;;Non accertato;Inesploso
3978751;2;08/09/2018 00:15:00;Strada Urbana;VIA ALESSANDRIA;all'intersezione con;VIA REGGIO EMILIA;VIA REGGIO EMILIA;;;Scontro frontale/laterale DX fra veicoli in marcia;Intersezione stradale segnalata;Una carreggiata a senso unico di marcia;Asciutto;Asfaltata;Verticale;Sereno;Scarso;Buona;Sufficiente;0;0;0;5;12.5039;41.9127;-1;2;Autovettura privata;In marcia / fermata / arresto;Passeggero;F;Illeso;0;;Non accertato;Inesploso
3978751;2;08/09/2018 00:15:00;Strada Urbana;VIA ALESSANDRIA;all'intersezione con;VIA REGGIO EMILIA;VIA REGGIO EMILIA;;;Scontro frontale/laterale DX fra veicoli in marcia;Intersezione stradale segnalata;Una carreggiata a senso unico di marcia;Asciutto;Asfaltata;Verticale;Sereno;Scarso;Buona;Sufficiente;0;0;0;5;12.5039;41.9127;-1;2;Autovettura privata;In marcia / fermata / arresto;Passeggero;M;Illeso;0;;Non accertato;Inesploso
3978751;2;08/09/2018 00:15:00;Strada Urbana;VIA ALESSANDRIA;all'intersezione con;VIA REGGIO EMILIA;VIA REGGIO EMILIA;;;Scontro frontale/laterale DX fra veicoli in marcia;Intersezione stradale segnalata;Una carreggiata a senso unico di marcia;Asciutto;Asfaltata;Verticale;Sereno;Scarso;Buona;Sufficiente;0;0;0;5;12.5039;41.9127;-1;2;Autovettura privata;In marcia / fermata / arresto;Passeggero;M;Illeso;0;;Non accertato;Inesploso
3978753;2;08/09/2018 02:00:00;Strada Urbana;VIA PIETRO ANTONIO MICHELI;in corrispondenza;;del civico n.;92;;Veicolo in marcia contro veicoli in sosta;Rettilineo;Una carreggiata a senso unico di marcia;Asciutto;Asfaltata;Orizzontale;Sereno;Scarso;Buona;Sufficiente;1;0;0;0;12.4821;41.9251;-1;1;Autovettura privata;In marcia / fermata / arresto;Conducente;F;Ricoverato;0;NON DECEDUTO;;
3978754;9;07/09/2018 07:40:00;Strada Urbana;VIA DI S. MARIA AUSILIATRICE;all'intersezione con;VIA MUZIO SCEVOLA;VIA MUZIO SCEVOLA;;;Scontro laterale fra veicoli in marcia;Intersezione stradale segnalata;Una carreggiata a doppio senso;Bagnato (umidità in atto);Asfaltata;Verticale ed orizzontale;Sereno;Normale;Buona;Ore Diurne;0;0;0;3;12.5286;41.8733;-1;1;Autovettura privata;In marcia / fermata / arresto;Conducente;F;Illeso;0;;Non accertato;Inesploso
3978754;9;07/09/2018 07:40:00;Strada Urbana;VIA DI S. MARIA AUSILIATRICE;all'intersezione con;VIA MUZIO SCEVOLA;VIA MUZIO SCEVOLA;;;Scontro laterale fra veicoli in marcia;Intersezione stradale segnalata;Una carreggiata a doppio senso;Bagnato (umidità in atto);Asfaltata;Verticale ed orizzontale;Sereno;Normale;Buona;Ore Diurne;0;0;0;3;12.5286;41.8733;-1;1;Autovettura privata;In marcia / fermata / arresto;Passeggero;F;Illeso;0;;Non accertato;Inesploso
3978754;9;07/09/2018 07:40:00;Strada Urbana;VIA DI S. MARIA AUSILIATRICE;all'intersezione con;VIA MUZIO SCEVOLA;VIA MUZIO SCEVOLA;;;Scontro laterale fra veicoli in marcia;Intersezione stradale segnalata;Una carreggiata a doppio senso;Bagnato (umidità in atto);Asfaltata;Verticale ed orizzontale;Sereno;Normale;Buona;Ore Diurne;0;0;0;3;12.5286;41.8733;-1;2;Autovettura privata;In marcia / fermata / arresto;Conducente;M;Illeso;0;;Non accertato;Inesploso
3978759;9;07/09/2018 10:00:00;Strada Urbana;VIA LICIA;all'intersezione con;VIA ALESIA;VIA ALESIA;;;Veicolo in marcia contro veicolo in sosta;Intersezione stradale segnalata;Una carreggiata a doppio senso;Asciutto;Asfaltata;Verticale ed orizzontale;Nuvoloso;Intenso;Buona;Ore Diurne;0;0;0;1;12.503;41.8806;0;1;Autovettura privata;In marcia / fermata / arresto;Conducente;M;Illeso;0;;Non accertato;Inesploso
3978775;16;08/09/2018 05:10:00;;VIA AURELIA ANTICA;in prossimità;;del palo luce n.;74;;Veicolo in marcia contro ostacolo fisso;;;;;;;;;;0;0;0;1;;;0;1;Autovettura privata;In marcia / fermata / arresto;Conducente;M;Illeso;0;;;
3978861;16;08/09/2018 07:25:00;Strada Urbana;VIA DEI CAPASSO;in prossimità;;del civico n.;50;;Scontro laterale fra veicoli in marcia;Rettilineo;Una carreggiata a doppio senso;Asciutto;Asfaltata;Verticale;Sereno;Scarso;Buona;Ore Diurne;0;0;0;2;12.4258;41.884;-1;1;Autovettura privata;In marcia / fermata / arresto;Conducente;M;Illeso;0;;Non accertato;
3978861;16;08/09/2018 07:25:00;Strada Urbana;VIA DEI CAPASSO;in prossimità;;del civico n.;50;;Scontro laterale fra veicoli in marcia;Rettilineo;Una carreggiata a doppio senso;Asciutto;Asfaltata;Verticale;Sereno;Scarso;Buona;Ore Diurne;0;0;0;2;12.4258;41.884;-1;2;Autovettura privata;In marcia / fermata / arresto;Conducente;M;Illeso;0;;Non accertato;
3978900;1;06/09/2018 07:10:00;Strada Urbana;LUNGOTEVERE GIANICOLENSE;all'intersezione semaforizzata con;PONTE GIUSEPPE MAZZINI;PONTE GIUSEPPE MAZZINI;;;Scontro laterale fra veicoli in marcia;Intersezione semaforizzata;Una carreggiata a senso unico di marcia;Asciutto;Asfaltata;Verticale ed orizzontale;Sereno;Normale;Buona;Ore Diurne;1;0;0;1;12.4636;41.8978;-1;1;Motociclo a solo;In marcia / fermata / arresto;Conducente;M;Rimandato;0;NON DECEDUTO;Non accertato;
3978900;1;06/09/2018 07:10:00;Strada Urbana;LUNGOTEVERE GIANICOLENSE;all'intersezione semaforizzata con;PONTE GIUSEPPE MAZZINI;PONTE GIUSEPPE MAZZINI;;;Scontro laterale fra veicoli in marcia;Intersezione semaforizzata;Una carreggiata a senso unico di marcia;Asciutto;Asfaltata;Verticale ed orizzontale;Sereno;Normale;Buona;Ore Diurne;1;0;0;1;12.4636;41.8978;-1;2;Autovettura privata;In marcia / fermata / arresto;Conducente;M;Illeso;0;;Non accertato;
3978921;1;06/09/2018 10:00:00;Strada Urbana;VIA DANDOLO;in corrispondenza;;del civico n.;4;;Tamponamento Multiplo;Rettilineo;Una carreggiata a senso unico di marcia;Asciutto;Asfaltata;Verticale ed orizzontale;Sereno;Normale;Buona;Ore Diurne;0;0;0;2;;;0;1;Autovettura privata;In marcia / fermata / arresto;Conducente;F;Illeso;0;;Non accertato;
3978921;1;06/09/2018 10:00:00;Strada Urbana;VIA DANDOLO;in corrispondenza;;del civico n.;4;;Tamponamento Multiplo;Rettilineo;Una carreggiata a senso unico di marcia;Asciutto;Asfaltata;Verticale ed orizzontale;Sereno;Normale;Buona;Ore Diurne;0;0;0;2;;;0;2;Autovettura privata;In marcia / fermata / arresto;Conducente;M;Illeso;0;;Non accertato;
3978932;1;06/09/2018 10:05:00;Strada Urbana;VIALE MANZONI;all'intersezione semaforizzata con;VIA MERULANA;VIA MERULANA;;;Infortunio per sola frenata improvvisa;Intersezione semaforizzata;Più di due carreggiate;Asciutto;Asfaltata;Verticale ed orizzontale;Sereno;Normale;Buona;Ore Diurne;0;1;0;0;12.5034;41.8895;-1;1;Motociclo a solo;In marcia / fermata / arresto;Conducente;M;Prognosi riservata;0;NON DECEDUTO;Utilizzato;
3978976;1;06/09/2018 11:00:00;Strada Urbana;LUNGOTEVERE DEI SANGALLO;da specificare;;;;ALT. VIA DEI BRESCIANI;Tamponamento;Rettilineo;Una carreggiata a senso unico di marcia;Asciutto;Asfaltata;Verticale ed orizzontale;Sereno;Normale;Buona;Ore Diurne;2;0;0;5;12.4652;41.8981;-1;;;;Pedone;M;Rimandato;0;NON DECEDUTO;;
3978976;1;06/09/2018 11:00:00;Strada Urbana;LUNGOTEVERE DEI SANGALLO;da specificare;;;;ALT. VIA DEI BRESCIANI;Tamponamento;Rettilineo;Una carreggiata a senso unico di marcia;Asciutto;Asfaltata;Verticale ed orizzontale;Sereno;Normale;Buona;Ore Diurne;2;0;0;5;12.4652;41.8981;-1;;;;Pedone;M;Rimandato;0;NON DECEDUTO;;
3978976;1;06/09/2018 11:00:00;Strada Urbana;LUNGOTEVERE DEI SANGALLO;da specificare;;;;ALT. VIA DEI BRESCIANI;Tamponamento;Rettilineo;Una carreggiata a senso unico di marcia;Asciutto;Asfaltata;Verticale ed orizzontale;Sereno;Normale;Buona;Ore Diurne;2;0;0;5;12.4652;41.8981;-1;1;Autovettura privata;In marcia / fermata / arresto;Conducente;M;Illeso;0;;Non accertato;Esploso
3978976;1;06/09/2018 11:00:00;Strada Urbana;LUNGOTEVERE DEI SANGALLO;da specificare;;;;ALT. VIA DEI BRESCIANI;Tamponamento;Rettilineo;Una carreggiata a senso unico di marcia;Asciutto;Asfaltata;Verticale ed orizzontale;Sereno;Normale;Buona;Ore Diurne;2;0;0;5;12.4652;41.8981;-1;1;Autovettura privata;In marcia / fermata / arresto;Passeggero;M;Illeso;0;;Non accertato;Esploso
3978976;1;06/09/2018 11:00:00;Strada Urbana;LUNGOTEVERE DEI SANGALLO;da specificare;;;;ALT. VIA DEI BRESCIANI;Tamponamento;Rettilineo;Una carreggiata a senso unico di marcia;Asciutto;Asfaltata;Verticale ed orizzontale;Sereno;Normale;Buona;Ore Diurne;2;0;0;5;12.4652;41.8981;-1;2;Autovettura privata;In marcia / fermata / arresto;Conducente;M;Illeso;0;;Non accertato;
3978976;1;06/09/2018 11:00:00;Strada Urbana;LUNGOTEVERE DEI SANGALLO;da specificare;;;;ALT. VIA DEI BRESCIANI;Tamponamento;Rettilineo;Una carreggiata a senso unico di marcia;Asciutto;Asfaltata;Verticale ed orizzontale;Sereno;Normale;Buona;Ore Diurne;2;0;0;5;12.4652;41.8981;-1;2;Autovettura privata;In marcia / fermata / arresto;Passeggero;F;Illeso;0;;Non accertato;Inesploso
3978976;1;06/09/2018 11:00:00;Strada Urbana;LUNGOTEVERE DEI SANGALLO;da specificare;;;;ALT. VIA DEI BRESCIANI;Tamponamento;Rettilineo;Una carreggiata a senso unico di marcia;Asciutto;Asfaltata;Verticale ed orizzontale;Sereno;Normale;Buona;Ore Diurne;2;0;0;5;12.4652;41.8981;-1;2;Autovettura privata;In marcia / fermata / arresto;Passeggero;F;Illeso;0;;Non accertato;Inesploso
3979006;1;06/09/2018 17:00:00;Strada Urbana;VIA DEL PLEBISCITO;all'intersezione con;PIAZZA VENEZIA;PIAZZA VENEZIA;;;Investimento di pedone;Incrocio;Una carreggiata a senso unico di marcia;Asciutto;In cubetti di porfido;Orizzontale;Sereno;Normale;Buona;Ore Diurne;1;0;0;1;;;0;;;;Pedone;F;Rimandato;0;NON DECEDUTO;;
3979006;1;06/09/2018 17:00:00;Strada Urbana;VIA DEL PLEBISCITO;all'intersezione con;PIAZZA VENEZIA;PIAZZA VENEZIA;;;Investimento di pedone;Incrocio;Una carreggiata a senso unico di marcia;Asciutto;In cubetti di porfido;Orizzontale;Sereno;Normale;Buona;Ore Diurne;1;0;0;1;;;0;1;Motociclo a solo;In marcia / fermata / arresto;Conducente;M;Illeso;0;;Utilizzato;
3979048;1;06/09/2018 16:30:00;Strada Urbana;VIA DRUSO;in corrispondenza;;del palo luce n.;4;;Tamponamento Multiplo;Rettilineo;Una carreggiata a doppio senso;Asciutto;Asfaltata;Verticale ed orizzontale;Sereno;Intenso;Buona;Ore Diurne;0;0;0;3;12.4972;41.8812;-1;1;Autovettura privata;In marcia / fermata / arresto;Conducente;M;Illeso;0;;Non accertato;
3979048;1;06/09/2018 16:30:00;Strada Urbana;VIA DRUSO;in corrispondenza;;del palo luce n.;4;;Tamponamento Multiplo;Rettilineo;Una carreggiata a doppio senso;Asciutto;Asfaltata;Verticale ed orizzontale;Sereno;Intenso;Buona;Ore Diurne;0;0;0;3;12.4972;41.8812;-1;2;Autovettura privata;In marcia / fermata / arresto;Conducente;M;Illeso;0;;Non accertato;
3979048;1;06/09/2018 16:30:00;Strada Urbana;VIA DRUSO;in corrispondenza;;del palo luce n.;4;;Tamponamento Multiplo;Rettilineo;Una carreggiata a doppio senso;Asciutto;Asfaltata;Verticale ed orizzontale;Sereno;Intenso;Buona;Ore Diurne;0;0;0;3;12.4972;41.8812;-1;3;Autovettura privata;In marcia / fermata / arresto;Conducente;M;Illeso;0;;Non accertato;
3979067;17;06/09/2018 17:20:00;Strada Urbana;PIAZZALE DEGLI EROI;da specificare;;;;prossimità VIALE DELLE MEDAGLIE D'ORO;Scontro laterale fra veicoli in marcia;Rettilineo;Una carreggiata a doppio senso;Asciutto;Asfaltata;Verticale ed orizzontale;Sereno;Normale;Buona;Ore Diurne;1;0;0;2;12.4486;41.9095;-1;1;Autovettura privata;In marcia / fermata / arresto;Conducente;F;Illeso;0;;;
3979067;17;06/09/2018 17:20:00;Strada Urbana;PIAZZALE DEGLI EROI;da specificare;;;;prossimità VIALE DELLE MEDAGLIE D'ORO;Scontro laterale fra veicoli in marcia;Rettilineo;Una carreggiata a doppio senso;Asciutto;Asfaltata;Verticale ed orizzontale;Sereno;Normale;Buona;Ore Diurne;1;0;0;2;12.4486;41.9095;-1;1;Autovettura privata;In marcia / fermata / arresto;Passeggero;M;Illeso;0;;;
3979067;17;06/09/2018 17:20:00;Strada Urbana;PIAZZALE DEGLI EROI;da specificare;;;;prossimità VIALE DELLE MEDAGLIE D'ORO;Scontro laterale fra veicoli in marcia;Rettilineo;Una carreggiata a doppio senso;Asciutto;Asfaltata;Verticale ed orizzontale;Sereno;Normale;Buona;Ore Diurne;1;0;0;2;12.4486;41.9095;-1;2;Motociclo a solo;In marcia / fermata / arresto;Conducente;M;Rimandato;0;NON DECEDUTO;;
3979069;1;07/09/2018 11:40:00;Strada Urbana;VIA ELENIANA;in corrispondenza;;del civico n.;FC 6;;Scontro frontale/laterale DX fra veicoli in marcia;Rettilineo;Una carreggiata a senso unico di marcia;Asciutto;Asfaltata;Verticale ed orizzontale;Sereno;Normale;Buona;Ore Diurne;0;0;0;2;12.5145;41.8906;-1;1;Autovettura privata;In marcia / fermata / arresto;Conducente;F;Illeso;0;;Non accertato;Inesploso
3979069;1;07/09/2018 11:40:00;Strada Urbana;VIA ELENIANA;in corrispondenza;;del civico n.;FC 6;;Scontro frontale/laterale DX fra veicoli in marcia;Rettilineo;Una carreggiata a senso unico di marcia;Asciutto;Asfaltata;Verticale ed orizzontale;Sereno;Normale;Buona;Ore Diurne;0;0;0;2;12.5145;41.8906;-1;2;Ciclomotore;In marcia / fermata / arresto;Conducente;M;Illeso;0;;Non accertato;
3979100;17;07/09/2018 01:20:00;Strada Urbana;LUNGOTEVERE MICHELANGELO;da specificare;;;;inters. rampa in discesa da PIAZZA DELLA LIBERTA';Tamponamento;Rettilineo;Una carreggiata a senso unico di marcia;Asciutto;Asfaltata;Verticale ed orizzontale;Sereno;Scarso;Sufficiente;Sufficiente;1;0;0;1;12.4713;41.91;-1;1;Autovettura privata;In marcia / fermata / arresto;Conducente;M;Illeso;0;;;
3979100;17;07/09/2018 01:20:00;Strada Urbana;LUNGOTEVERE MICHELANGELO;da specificare;;;;inters. rampa in discesa da PIAZZA DELLA LIBERTA';Tamponamento;Rettilineo;Una carreggiata a senso unico di marcia;Asciutto;Asfaltata;Verticale ed orizzontale;Sereno;Scarso;Sufficiente;Sufficiente;1;0;0;1;12.4713;41.91;-1;2;Ciclomotore;In marcia / fermata / arresto;Conducente;F;Rimandato;0;NON DECEDUTO;;
3979157;18;07/09/2018 14:30:00;Strada Urbana;VIA DI S. GEMMA;da specificare;;;;fronte civico 19;Tamponamento Multiplo;Curva a visuale libera;Una carreggiata a doppio senso;Asciutto;Asfaltata;Orizzontale;Sereno;Normale;Buona;Ore Diurne;3;0;0;1;12.367;41.9252;-1;1;Autovettura privata;In marcia / fermata / arresto;Conducente;M;Illeso;0;;Non accertato;Inesploso
3979157;18;07/09/2018 14:30:00;Strada Urbana;VIA DI S. GEMMA;da specificare;;;;fronte civico 19;Tamponamento Multiplo;Curva a visuale libera;Una carreggiata a doppio senso;Asciutto;Asfaltata;Orizzontale;Sereno;Normale;Buona;Ore Diurne;3;0;0;1;12.367;41.9252;-1;2;Autovettura privata;In marcia / fermata / arresto;Conducente;M;Rimandato;0;NON DECEDUTO;Non accertato;Inesploso
3979157;18;07/09/2018 14:30:00;Strada Urbana;VIA DI S. GEMMA;da specificare;;;;fronte civico 19;Tamponamento Multiplo;Curva a visuale libera;Una carreggiata a doppio senso;Asciutto;Asfaltata;Orizzontale;Sereno;Normale;Buona;Ore Diurne;3;0;0;1;12.367;41.9252;-1;2;Autovettura privata;In marcia / fermata / arresto;Passeggero;M;Rifiuta cure immediate;0;NON DECEDUTO;Non accertato;Inesploso
3979157;18;07/09/2018 14:30:00;Strada Urbana;VIA DI S. GEMMA;da specificare;;;;fronte civico 19;Tamponamento Multiplo;Curva a visuale libera;Una carreggiata a doppio senso;Asciutto;Asfaltata;Orizzontale;Sereno;Normale;Buona;Ore Diurne;3;0;0;1;12.367;41.9252;-1;3;Autovettura privata;In marcia / fermata / arresto;Conducente;F;Rifiuta cure immediate;0;NON DECEDUTO;Non accertato;Inesploso