Protocollo;Gruppo;DataOraIncidente;Localizzazione1;STRADA1;Localizzazione2;STRADA2;Strada02;Chilometrica;DaSpecificare;NaturaIncidente;particolaritastrade;TipoStrada;FondoStradale;Pavimentazione;Segnaletica;CondizioneAtmosferica;Traffico;Visibilita;Illuminazione;NUM_FERITI;NUM_RISERVATA;NUM_MORTI;NUM_ILLESI;Longitudine;Latitudine;Confermato;Progressivo;TipoVeicolo;StatoVeicolo;TipoPersona;Sesso;Tipolesione;Deceduto;DecedutoDopo;CinturaCascoUtilizzato;Airbag;
3979182;10;08/09/2018 15:40:00;Strada Urbana;VIA DI ACQUA ACETOSA ANAGNINA;all'intersezione con;VIA ANAGNINA;VIA ANAGNINA;;;Scontro frontale/laterale DX fra veicoli in marcia;Intersezione stradale segnalata;Una carreggiata a doppio senso;Asciutto;Asfaltata;Orizzontale;Sereno;Normale;Buona;Ore Diurne;0;0;0;3;12.6202;41.8143;-1;1;Autovettura privata;In marcia / fermata / arresto;Conducente;F;Illeso;0;;Non accertato;Inesploso
3979182;10;08/09/2018 15:40:00;Strada Urbana;VIA DI ACQUA ACETOSA ANAGNINA;all'intersezione con;VIA ANAGNINA;VIA ANAGNINA;;;Scontro frontale/laterale DX fra veicoli in marcia;Intersezione stradale segnalata;Una carreggiata a doppio senso;Asciutto;Asfaltata;Orizzontale;Sereno;Normale;Buona;Ore Diurne;0;0;0;3;12.6202;41.8143;-1;1;Autovettura privata;In marcia / fermata / arresto;Passeggero;F;Illeso;0;;Non accertato;Inesploso
3979182;10;08/09/2018 15:40:00;Strada Urbana;VIA DI ACQUA ACETOSA ANAGNINA;all'intersezione con;VIA ANAGNINA;VIA ANAGNINA;;;Scontro frontale/laterale DX fra veicoli in marcia;Intersezione stradale segnalata;Una carreggiata a doppio senso;Asciutto;Asfaltata;Orizzontale;Sereno;Normale;Buona;Ore Diurne;0;0;0;3;12.6202;41.8143;-1;1;Autovettura privata;In marcia / fermata / arresto;Passeggero;M;Illeso;0;;Non accertato;Inesploso
3979204;17;07/09/2018 12:30:00;Strada Urbana;VIALE ANGELICO;all'intersezione semaforizzata con;VIA EUCLIDE TURBA;VIA EUCLIDE TURBA;;;Scontro laterale fra veicoli in marcia;Intersezione semaforizzata;Più di due carreggiate;Bagnato (umidità in atto);Asfaltata;Verticale ed orizzontale;Nuvoloso;Normale;Buona;Ore Diurne;0;0;0;3;12.4589;41.9209;-1;1;Autovettura privata;In marcia / fermata / arresto;Conducente;M;Illeso;0;;;
3979204;17;07/09/2018 12:30:00;Strada Urbana;VIALE ANGELICO;all'intersezione semaforizzata con;VIA EUCLIDE TURBA;VIA EUCLIDE TURBA;;;Scontro laterale fra veicoli in marcia;Intersezione semaforizzata;Più di due carreggiate;Bagnato (umidità in atto);Asfaltata;Verticale ed orizzontale;Nuvoloso;Normale;Buona;Ore Diurne;0;0;0;3;12.4589;41.9209;-1;2;Autovettura privata;In marcia / fermata / arresto;Conducente;M;Illeso;0;;;
3979204;17;07/09/2018 12:30:00;Strada Urbana;VIALE ANGELICO;all'intersezione semaforizzata con;VIA EUCLIDE TURBA;VIA EUCLIDE TURBA;;;Scontro laterale fra veicoli in marcia;Intersezione semaforizzata;Più di due carreggiate;Bagnato (umidità in atto);Asfaltata;Verticale ed orizzontale;Nuvoloso;Normale;Buona;Ore Diurne;0;0;0;3;12.4589;41.9209;-1;2;Autovettura privata;In marcia / fermata / arresto;Passeggero;M;Illeso;0;;;
3979207;20;08/09/2018 15:45:00;Strada Urbana;VIALE DEI CIPRESSI;da specificare;;;;riquadro 41;Scontro laterale fra veicoli in marcia;Rettilineo;Una carreggiata a doppio senso;Asciutto;Asfaltata;Assente;Sereno;Scarso;Buona;Ore Diurne;3;0;0;2;12.4928;42.0134;-1;1;Autovettura privata;In marcia / fermata / arresto;Conducente;M;Rifiuta cure immediate;0;NON DECEDUTO;Non accertato;Inesploso
3979207;20;08/09/2018 15:45:00;Strada Urbana;VIALE DEI CIPRESSI;da specificare;;;;riquadro 41;Scontro laterale fra veicoli in marcia;Rettilineo;Una carreggiata a doppio senso;Asciutto;Asfaltata;Assente;Sereno;Scarso;Buona;Ore Diurne;3;0;0;2;12.4928;42.0134;-1;1;Autovettura privata;In marcia / fermata / arresto;Passeggero;F;Rifiuta cure immediate;0;NON DECEDUTO;Non accertato;Inesploso
3979207;20;08/09/2018 15:45:00;Strada Urbana;VIALE DEI CIPRESSI;da specificare;;;;riquadro 41;Scontro laterale fra veicoli in marcia;Rettilineo;Una carreggiata a doppio senso;Asciutto;Asfaltata;Assente;Sereno;Scarso;Buona;Ore Diurne;3;0;0;2;12.4928;42.0134;-1;1;Autovettura privata;In marcia / fermata / arresto;Passeggero;F;Illeso;0;;Non accertato;Inesploso
3979207;20;08/09/2018 15:45:00;Strada Urbana;VIALE DEI CIPRESSI;da specificare;;;;riquadro 41;Scontro laterale fra veicoli in marcia;Rettilineo;Una carreggiata a doppio senso;Asciutto;Asfaltata;Assente;Sereno;Scarso;Buona;Ore Diurne;3;0;0;2;12.4928;42.0134;-1;1;Autovettura privata;In marcia / fermata / arresto;Passeggero;F;Rifiuta cure immediate;0;NON DECEDUTO;Non accertato;Inesploso
3979207;20;08/09/2018 15:45:00;Strada Urbana;VIALE DEI CIPRESSI;da specificare;;;;riquadro 41;Scontro laterale fra veicoli in marcia;Rettilineo;Una carreggiata a doppio senso;Asciutto;Asfaltata;Assente;Sereno;Scarso;Buona;Ore Diurne;3;0;0;2;12.4928;42.0134;-1;2;Autobus urbano;In marcia / fermata / arresto;Conducente;M;Illeso;0;;Non accertato;Inesploso
3979245;17;07/09/2018 13:05:00;Strada Urbana;VIA CRESCENZIO;all'intersezione con;VIA VARRONE;VIA VARRONE;;;Scontro frontale/laterale SX fra veicoli in marcia;Incrocio;Una carreggiata a doppio senso;Asciutto;In cubetti di porfido;Verticale ed orizzontale;Sereno;Normale;Buona;Ore Diurne;0;0;0;2;12.4602;41.906;-1;1;Autovettura pubblica;In marcia / fermata / arresto;Conducente;M;Illeso;0;;;
3979245;17;07/09/2018 13:05:00;Strada Urbana;VIA CRESCENZIO;all'intersezione con;VIA VARRONE;VIA VARRONE;;;Scontro frontale/laterale SX fra veicoli in marcia;Incrocio;Una carreggiata a doppio senso;Asciutto;In cubetti di porfido;Verticale ed orizzontale;Sereno;Normale;Buona;Ore Diurne;0;0;0;2;12.4602;41.906;-1;2;Autovettura privata;In marcia / fermata / arresto;Conducente;F;Illeso;0;;;
3979277;6;08/09/2018 18:40:00;Strada Urbana;VIA L'AQUILA;in prossimità;;del civico n.;41;;Tamponamento;Rettilineo;Una carreggiata a senso unico di marcia;Asciutto;Asfaltata;Orizzontale;Sereno;Normale;Buona;Ore Diurne;0;0;0;2;12.5255;41.8908;-1;1;Autovettura privata;In marcia / fermata / arresto;Conducente;M;Illeso;0;;Non accertato;Inesploso
3979277;6;08/09/2018 18:40:00;Strada Urbana;VIA L'AQUILA;in prossimità;;del civico n.;41;;Tamponamento;Rettilineo;Una carreggiata a senso unico di marcia;Asciutto;Asfaltata;Orizzontale;Sereno;Normale;Buona;Ore Diurne;0;0;0;2;12.5255;41.8908;-1;2;Autovettura privata;In marcia / fermata / arresto;Conducente;F;Illeso;0;;Non accertato;Inesploso
3979281;17;07/09/2018 21:30:00;Strada Urbana;VIA DI CASAL DEL MARMO;in prossimità;;del civico n.;41;;Scontro laterale fra veicoli in marcia;Curva senza visuale libera;Una carreggiata a doppio senso;Asciutto;Asfaltata;Verticale ed orizzontale;Sereno;Normale;Sufficiente;Sufficiente;1;0;0;0;12.4106;41.9589;0;1;Autovettura privata;In marcia / fermata / arresto;Conducente;M;Rimandato;0;NON DECEDUTO;;
3979300;17;07/09/2018 04:00:00;Strada Urbana;PIAZZALE OSTIENSE;da specificare;;;;LATO MUSEO PORTA SAN PAOLO;Veicolo in marcia contro ostacolo fisso;Rettilineo;Più di due carreggiate;Asciutto;Asfaltata;Verticale ed orizzontale;Nuvoloso;Scarso;Sufficiente;Sufficiente;0;0;0;1;12.482;41.8762;-1;1;Autovettura privata;In marcia / fermata / arresto;Conducente;M;Illeso;0;;;
3979326;15;08/09/2018 14:10:00;Strada Urbana;VIA DEL TRULLO;da specificare;;;;fronte palo  Acea 9;Veicolo in marcia contro veicolo in sosta;Rettilineo;Due carreggiate;Asciutto;Asfaltata;Verticale;Sereno;Normale;Buona;Ore Diurne;0;2;0;0;12.4368;41.843;-1;2;Autovettura privata;In marcia / fermata / arresto;Conducente;M;Prognosi riservata;0;NON DECEDUTO;Non accertato;
3979326;15;08/09/2018 14:10:00;Strada Urbana;VIA DEL TRULLO;da specificare;;;;fronte palo  Acea 9;Veicolo in marcia contro veicolo in sosta;Rettilineo;Due carreggiate;Asciutto;Asfaltata;Verticale;Sereno;Normale;Buona;Ore Diurne;0;2;0;0;12.4368;41.843;-1;2;Autovettura privata;In marcia / fermata / arresto;Passeggero;F;Prognosi riservata;0;NON DECEDUTO;Non accertato;
3979695;6;08/09/2018 18:30:00;Strada Urbana;VIA COLLATINA;in prossimità;;del civico n.;100;;Scontro laterale fra veicoli in marcia;Rettilineo;Una carreggiata a doppio senso;Asciutto;Asfaltata;Verticale ed orizzontale;Sereno;Normale;Buona;Ore Diurne;0;0;0;2;12.5648;41.8993;-1;1;Autovettura privata;In marcia / fermata / arresto;Conducente;M;Illeso;0;;;
3979695;6;08/09/2018 18:30:00;Strada Urbana;VIA COLLATINA;in prossimità;;del civico n.;100;;Scontro laterale fra veicoli in marcia;Rettilineo;Una carreggiata a doppio senso;Asciutto;Asfaltata;Verticale ed orizzontale;Sereno;Normale;Buona;Ore Diurne;0;0;0;2;12.5648;41.8993;-1;2;Autovettura privata;In marcia / fermata / arresto;Conducente;F;Illeso;0;;;
3979710;13;08/09/2018 13:00:00;Strada Urbana;VIA LUIGI PERNIER;in prossimità;;del civico n.;85b;;Veicolo in marcia contro veicoli in sosta;Rettilineo;Una carreggiata a doppio senso;Asciutto;Asfaltata;Verticale ed orizzontale;Sereno;Scarso;Buona;Ore Diurne;0;0;0;2;12.3122;41.7512;-1;1;Autovettura privata;In marcia / fermata / arresto;Conducente;M;Illeso;0;;Non accertato;Inesploso
3979710;13;08/09/2018 13:00:00;Strada Urbana;VIA LUIGI PERNIER;in prossimità;;del civico n.;85b;;Veicolo in marcia contro veicoli in sosta;Rettilineo;Una carreggiata a doppio senso;Asciutto;Asfaltata;Verticale ed orizzontale;Sereno;Scarso;Buona;Ore Diurne;0;0;0;2;12.3122;41.7512;-1;1;Autovettura privata;In marcia / fermata / arresto;Passeggero;F;Illeso;0;;Non accertato;Inesploso
3979724;20;09/09/2018 00:30:00;Strada Urbana;LUNGOTEVERE MARESCIALLO DIAZ;in prossimità;;del palo luce n.;89;;Scontro frontale/laterale SX fra veicoli in marcia;Rettilineo;Due carreggiate;Asciutto;Asfaltata;Orizzontale;Sereno;Normale;Buona;Sufficiente;1;0;0;5;12.462;41.9339;-1;1;Autovettura pubblica;In marcia / fermata / arresto;Conducente;M;Illeso;0;;Non accertato;Inesploso
3979724;20;09/09/2018 00:30:00;Strada Urbana;LUNGOTEVERE MARESCIALLO DIAZ;in prossimità;;del palo luce n.;89;;Scontro frontale/laterale SX fra veicoli in marcia;Rettilineo;Due carreggiate;Asciutto;Asfaltata;Orizzontale;Sereno;Normale;Buona;Sufficiente;1;0;0;5;12.462;41.9339;-1;1;Autovettura pubblica;In marcia / fermata / arresto;Passeggero;M;Illeso;0;;Non accertato;Inesploso
3979724;20;09/09/2018 00:30:00;Strada Urbana;LUNGOTEVERE MARESCIALLO DIAZ;in prossimità;;del palo luce n.;89;;Scontro frontale/laterale SX fra veicoli in marcia;Rettilineo;Due carreggiate;Asciutto;Asfaltata;Orizzontale;Sereno;Normale;Buona;Sufficiente;1;0;0;5;12.462;41.9339;-1;2;Motociclo a solo;In marcia / fermata / arresto;Conducente;M;Rimandato;0;NON DECEDUTO;Non accertato;
3979724;20;09/09/2018 00:30:00;Strada Urbana;LUNGOTEVERE MARESCIALLO DIAZ;in prossimità;;del palo luce n.;89;;Scontro frontale/laterale SX fra veicoli in marcia;Rettilineo;Due carreggiate;Asciutto;Asfaltata;Orizzontale;Sereno;Normale;Buona;Sufficiente;1;0;0;5;12.462;41.9339;-1;3;Autovettura privata;In marcia / fermata / arresto;Conducente;M;Illeso;0;;Non accertato;
3979724;20;09/09/2018 00:30:00;Strada Urbana;LUNGOTEVERE MARESCIALLO DIAZ;in prossimità;;del palo luce n.;89;;Scontro frontale/laterale SX fra veicoli in marcia;Rettilineo;Due carreggiate;Asciutto;Asfaltata;Orizzontale;Sereno;Normale;Buona;Sufficiente;1;0;0;5;12.462;41.9339;-1;3;Autovettura privata;In marcia / fermata / arresto;Passeggero;M;Illeso;0;;Non accertato;
3979742;13;08/09/2018 22:10:00;Strada Urbana;PIAZZA SIRIO;all'intersezione con;LUNGOMARE DUILIO;LUNGOMARE DUILIO;;;Scontro frontale/laterale SX fra veicoli in marcia;Incrocio;Due carreggiate;Asciutto;Asfaltata;Verticale ed orizzontale;Sereno;Normale;Buona;Sufficiente;1;0;0;4;12.2908;41.7249;-1;1;Motociclo a solo;In marcia / fermata / arresto;Conducente;M;Illeso;0;;Non accertato;
3979742;13;08/09/2018 22:10:00;Strada Urbana;PIAZZA SIRIO;all'intersezione con;LUNGOMARE DUILIO;LUNGOMARE DUILIO;;;Scontro frontale/laterale SX fra veicoli in marcia;Incrocio;Due carreggiate;Asciutto;Asfaltata;Verticale ed orizzontale;Sereno;Normale;Buona;Sufficiente;1;0;0;4;12.2908;41.7249;-1;1;Motociclo a solo;In marcia / fermata / arresto;Passeggero;M;Rimandato;0;NON DECEDUTO;Non accertato;
3979742;13;08/09/2018 22:10:00;Strada Urbana;PIAZZA SIRIO;all'intersezione con;LUNGOMARE DUILIO;LUNGOMARE DUILIO;;;Scontro frontale/laterale SX fra veicoli in marcia;Incrocio;Due carreggiate;Asciutto;Asfaltata;Verticale ed orizzontale;Sereno;Normale;Buona;Sufficiente;1;0;0;4;12.2908;41.7249;-1;2;Autovettura privata;In marcia / fermata / arresto;Conducente;M;Illeso;0;;Non accertato;Inesploso
3979742;13;08/09/2018 22:10:00;Strada Urbana;PIAZZA SIRIO;all'intersezione con;LUNGOMARE DUILIO;LUNGOMARE DUILIO;;;Scontro frontale/laterale SX fra veicoli in marcia;Incrocio;Due carreggiate;Asciutto;Asfaltata;Verticale ed orizzontale;Sereno;Normale;Buona;Sufficiente;1;0;0;4;12.2908;41.7249;-1;3;Autovettura privata;In marcia / fermata / arresto;Conducente;M;Illeso;0;;Non accertato;Inesploso
3979742;13;08/09/2018 22:10:00;Strada Urbana;PIAZZA SIRIO;all'intersezione con;LUNGOMARE DUILIO;LUNGOMARE DUILIO;;;Scontro frontale/laterale SX fra veicoli in marcia;Incrocio;Due carreggiate;Asciutto;Asfaltata;Verticale ed orizzontale;Sereno;Normale;Buona;Sufficiente;1;0;0;4;12.2908;41.7249;-1;3;Autovettura privata;In marcia / fermata / arresto;Passeggero;M;Illeso;0;;Non accertato;Inesploso
3979764;13;09/09/2018 03:20:00;Strada Urbana;VIALE DELLA VITTORIA;in prossimità;;del civico n.;21;;Veicolo in marcia contro veicoli in sosta;Rettilineo;Due carreggiate;Asciutto;Asfaltata;Verticale ed orizzontale;Sereno;Scarso;Buona;Sufficiente;1;0;0;0;12.4796;41.9069;-1;1;Autovettura privata;In marcia / fermata / arresto;Conducente;M;Rimandato;0;NON DECEDUTO;Non accertato;Inesploso
3979778;18;08/09/2018 16:40:00;Strada Urbana;VIA DELLA PINETA SACCHETTI;da specificare;;;;ALTEZZA VIA EUENIO IV;Tamponamento;Rettilineo;Una carreggiata a doppio senso;Asciutto;Asfaltata;Verticale ed orizzontale;Sereno;Normale;Buona;Ore Diurne;1;0;0;1;12.4248;41.9095;-1;1;Autovettura privata;In marcia / fermata / arresto;Conducente;M;Illeso;0;;Non accertato;Inesploso
3979778;18;08/09/2018 16:40:00;Strada Urbana;VIA DELLA PINETA SACCHETTI;da specificare;;;;ALTEZZA VIA EUENIO IV;Tamponamento;Rettilineo;Una carreggiata a doppio senso;Asciutto;Asfaltata;Verticale ed orizzontale;Sereno;Normale;Buona;Ore Diurne;1;0;0;1;12.4248;41.9095;-1;2;Autovettura privata;In marcia / fermata / arresto;Conducente;M;Rifiuta cure immediate;0;NON DECEDUTO;Non accertato;Inesploso
3979792;18;07/09/2018 18:00:00;Statale;VIA AURELIA;in prossimità;;della chilometrica;10.8;;Veicolo in marcia contro ostacolo fisso;Rettilineo;Due carreggiate;Asciutto;Asfaltata;Orizzontale;Sereno;Normale;Buona;Ore Diurne;0;0;0;2;12.3723;41.8871;-1;1;Autovettura privata;In marcia / fermata / arresto;Conducente;M;Illeso;0;;;
3979792;18;07/09/2018 18:00:00;Statale;VIA AURELIA;in prossimità;;della chilometrica;10.8;;Veicolo in marcia contro ostacolo fisso;Rettilineo;Due carreggiate;Asciutto;Asfaltata;Orizzontale;Sereno;Normale;Buona;Ore Diurne;0;0;0;2;12.3723;41.8871;-1;1;Autovettura privata;In marcia / fermata / arresto;Passeggero;F;Illeso;0;;;
3979801;18;07/09/2018 18:00:00;Statale entro l'abitato;VIA AURELIA;in prossimità;;della chilometrica;10;;Tamponamento;Rettilineo;Due carreggiate;Asciutto;Asfaltata;Verticale ed orizzontale;Sereno;Intenso;Buona;Ore Diurne;0;0;0;2;12.3791;41.8835;-1;1;Autovettura privata;In marcia / fermata / arresto;Conducente;F;Illeso;0;;Non accertato;Inesploso
3979801;18;07/09/2018 18:00:00;Statale entro l'abitato;VIA AURELIA;in prossimità;;della chilometrica;10;;Tamponamento;Rettilineo;Due carreggiate;Asciutto;Asfaltata;Verticale ed orizzontale;Sereno;Intenso;Buona;Ore Diurne;0;0;0;2;12.3791;41.8835;-1;2;Autovettura privata;In marcia / fermata / arresto;Conducente;F;Illeso;0;;Non accertato;Inesploso
3979802;13;09/09/2018 04:15:00;;VIA OSTIENSE;in prossimità;;della chilometrica;17.7;;Veicolo in marcia contro ostacolo fisso;;;;;;;;;;0;0;0;5;;;0;1;Autovettura privata;In marcia / fermata / arresto;Conducente;M;Illeso;0;;Non accertato;Esploso
3979802;13;09/09/2018 04:15:00;;VIA OSTIENSE;in prossimità;;della chilometrica;17.7;;Veicolo in marcia contro ostacolo fisso;;;;;;;;;;0;0;0;5;;;0;1;Autovettura privata;In marcia / fermata / arresto;Passeggero;M;Illeso;0;;Non accertato;Inesploso
3979802;13;09/09/2018 04:15:00;;VIA OSTIENSE;in prossimità;;della chilometrica;17.7;;Veicolo in marcia contro ostacolo fisso;;;;;;;;;;0;0;0;5;;;0;1;Autovettura privata;In marcia / fermata / arresto;Passeggero;F;Illeso;0;;Non accertato;Esploso
3979802;13;09/09/2018 04:15:00;;VIA OSTIENSE;in prossimità;;della chilometrica;17.7;;Veicolo in marcia contro ostacolo fisso;;;;;;;;;;0;0;0;5;;;0;1;Autovettura privata;In marcia / fermata / arresto;Passeggero;F;Illeso;0;;Non accertato;Inesploso
3979817;18;08/09/2018 21:10:00;Strada Urbana;VIA BALDO DEGLI UBALDI;in corrispondenza;;del civico n.;144;;Scontro frontale/laterale DX fra veicoli in marcia;Pendenza;Due carreggiate;Asciutto;Asfaltata;Verticale ed orizzontale;Sereno;Scarso;Sufficiente;Sufficiente;1;0;0;1;12.4351;41.8992;-1;1;Autovettura privata;In marcia / fermata / arresto;Conducente;F;Illeso;0;;;
3979817;18;08/09/2018 21:10:00;Strada Urbana;VIA BALDO DEGLI UBALDI;in corrispondenza;;del civico n.;144;;Scontro frontale/laterale DX fra veicoli in marcia;Pendenza;Due carreggiate;Asciutto;Asfaltata;Verticale ed orizzontale;Sereno;Scarso;Sufficiente;Sufficiente;1;0;0;1;12.4351;41.8992;-1;2;Velocipede;In marcia / fermata / arresto;Conducente;M;Rimandato;0;NON DECEDUTO;Esente;
3980040;18;08/09/2018 06:35:00;Strada Urbana;VIA AURELIA;in prossimità;;del civico n.;667;;Ribaltamento senza urto contro ostacolo fisso;Rettilineo;Una carreggiata a doppio senso;Asciutto;Asfaltata;Verticale ed orizzontale;Sereno;Normale;Buona;Ore Diurne;1;0;0;0;12.4192;41.8961;-1;1;Motociclo a solo;In marcia / fermata / arresto;Conducente;M;Rimandato;0;NON DECEDUTO;Non accertato;
3980058;16;08/09/2018 16:05:00;;VIA DELLA CASETTA MATTEI;da specificare;;;;prossimità fronte civico 439;Tamponamento;;;;;;;;;;0;0;0;3;;;0;1;Autovettura privata;In marcia / fermata / arresto;Conducente;F;Illeso;0;;;
3980058;16;08/09/2018 16:05:00;;VIA DELLA CASETTA MATTEI;da specificare;;;;prossimità fronte civico 439;Tamponamento;;;;;;;;;;0;0;0;3;;;0;1;Autovettura privata;In marcia / fermata / arresto;Passeggero;M;Illeso;0;;;
3980058;16;08/09/2018 16:05:00;;VIA DELLA CASETTA MATTEI;da specificare;;;;prossimità fronte civico 439;Tamponamento;;;;;;;;;;0;0;0;3;;;0;2;Autovettura privata;In marcia / fermata / arresto;Conducente;M;Illeso;0;;;
3980064;10;07/09/2018 07:08:00;Strada Urbana;VIA TUSCOLANA;all'intersezione semaforizzata con;VIALE PALMIRO TOGLIATTI;VIALE PALMIRO TOGLIATTI;;;Tamponamento;Intersezione semaforizzata;Più di due carreggiate;Bagnato (umidità in atto);Asfaltata;Verticale ed orizzontale;Nuvoloso;Normale;Buona;Ore Diurne;1;0;0;1;12.5701;41.8523;-1;1;Autovettura privata;In marcia / fermata / arresto;Conducente;F;Illeso;0;;Non accertato;Inesploso
3980064;10;07/09/2018 07:08:00;Strada Urbana;VIA TUSCOLANA;all'intersezione semaforizzata con;VIALE PALMIRO TOGLIATTI;VIALE PALMIRO TOGLIATTI;;;Tamponamento;Intersezione semaforizzata;Più di due carreggiate;Bagnato (umidità in atto);Asfaltata;Verticale ed orizzontale;Nuvoloso;Normale;Buona;Ore Diurne;1;0;0;1;12.5701;41.8523;-1;2;Motociclo a solo;In marcia / fermata / arresto;Conducente;M;Rimandato;0;NON DECEDUTO;Non accertato;
3980067;16;08/09/2018 17:45:00;Strada Urbana;VIA AURELIA ANTICA;all'intersezione con;VIA DI S. PANCRAZIO;VIA DI S. PANCRAZIO;;;Scontro laterale fra veicoli in marcia;Incrocio;Una carreggiata a doppio senso;Asciutto;Asfaltata;Verticale ed orizzontale;Sereno;Normale;Buona;Ore Diurne;0;0;0;4;12.435;41.8902;-1;1;Autovettura privata;In marcia / fermata / arresto;Conducente;M;Illeso;0;;Non accertato;Inesploso
3980067;16;08/09/2018 17:45:00;Strada Urbana;VIA AURELIA ANTICA;all'intersezione con;VIA DI S. PANCRAZIO;VIA DI S. PANCRAZIO;;;Scontro laterale fra veicoli in marcia;Incrocio;Una carreggiata a doppio senso;Asciutto;Asfaltata;Verticale ed orizzontale;Sereno;Normale;Buona;Ore Diurne;0;0;0;4;12.435;41.8902;-1;1;Autovettura privata;In marcia / fermata / arresto;Passeggero;F;Illeso;0;;Non accertato;Inesploso
3980067;16;08/09/2018 17:45:00;Strada Urbana;VIA AURELIA ANTICA;all'intersezione con;VIA DI S. PANCRAZIO;VIA DI S. PANCRAZIO;;;Scontro laterale fra veicoli in marcia;Incrocio;Una carreggiata a doppio senso;Asciutto;Asfaltata;Verticale ed orizzontale;Sereno;Normale;Buona;Ore Diurne;0;0;0;4;12.435;41.8902;-1;1;Autovettura privata;In marcia / fermata / arresto;Passeggero;F;Illeso;0;;Non accertato;Inesploso
3980067;16;08/09/2018 17:45:00;Strada Urbana;VIA AURELIA ANTICA;all'intersezione con;VIA DI S. PANCRAZIO;VIA DI S. PANCRAZIO;;;Scontro laterale fra veicoli in marcia;Incrocio;Una carreggiata a doppio senso;Asciutto;Asfaltata;Verticale ed orizzontale;Sereno;Normale;Buona;Ore Diurne;0;0;0;4;12.435;41.8902;-1;2;Autovettura privata;In marcia / fermata / arresto;Conducente;F;Illeso;0;;Non accertato;Inesploso
3980068;10;07/09/2018 10:00:00;Strada Urbana;VIA DOMENICO BACCARINI;in prossimità;;del civico n.;7;;Investimento di pedone;Rettilineo;Una carreggiata a doppio senso;Asciutto;Asfaltata;Assente;Nuvoloso;Scarso;Buona;Ore Diurne;1;0;0;1;12.5948;41.8395;-1;;;;Pedone;F;Rifiuta cure immediate;0;NON DECEDUTO;;
3980068;10;07/09/2018 10:00:00;Strada Urbana;VIA DOMENICO BACCARINI;in prossimità;;del civico n.;7;;Investimento di pedone;Rettilineo;Una carreggiata a doppio senso;Asciutto;Asfaltata;Assente;Nuvoloso;Scarso;Buona;Ore Diurne;1;0;0;1;12.5948;41.8395;-1;1;Autobus urbano;In marcia / fermata / arresto;Conducente;M;Illeso;0;;Non accertato;Inesistente
3980072;10;08/09/2018 04:20:00;Strada Urbana;VIA MESTRE;da specificare;;;;fronte civico 16;Veicolo in marcia contro veicoli in sosta;Rettilineo;Una carreggiata a doppio senso;Asciutto;Asfaltata;Verticale ed orizzontale;Sereno;Scarso;Buona;Sufficiente;0;0;0;2;12.5228;41.8803;-1;1;Autovettura privata;In marcia / fermata / arresto;Conducente;M;Illeso;0;;Non accertato;Inesploso
3980072;10;08/09/2018 04:20:00;Strada Urbana;VIA MESTRE;da specificare;;;;fronte civico 16;Veicolo in marcia contro veicoli in sosta;Rettilineo;Una carreggiata a doppio senso;Asciutto;Asfaltata;Verticale ed orizzontale;Sereno;Scarso;Buona;Sufficiente;0;0;0;2;12.5228;41.8803;-1;1;Autovettura privata;In marcia / fermata / arresto;Passeggero;M;Illeso;0;;Non accertato;Inesploso
3980080;10;08/09/2018 22:30:00;Strada Urbana;VIA DELLE CAPANNELLE;all'intersezione semaforizzata con;VIA TUSCOLANA;VIA TUSCOLANA;;;Veicolo in marcia contro ostacolo accidentale;Intersezione semaforizzata;Due carreggiate;Asciutto;Asfaltata;Verticale ed orizzontale;Sereno;Scarso;Sufficiente;Sufficiente;1;0;0;1;12.5756;41.8485;-1;1;Motociclo a solo;In marcia / fermata / arresto;Conducente;M;Rimandato;0;NON DECEDUTO;Non accertato;
3980080;10;08/09/2018 22:30:00;Strada Urbana;VIA DELLE CAPANNELLE;all'intersezione semaforizzata con;VIA TUSCOLANA;VIA TUSCOLANA;;;Veicolo in marcia contro ostacolo accidentale;Intersezione semaforizzata;Due carreggiate;Asciutto;Asfaltata;Verticale ed orizzontale;Sereno;Scarso;Sufficiente;Sufficiente;1;0;0;1;12.5756;41.8485;-1;1;Motociclo a solo;In marcia / fermata / arresto;Passeggero;F;Illeso;0;;Non accertato;
3980082;16;09/09/2018 10:50:00;Strada Urbana;VIA CESARE PASCARELLA;all'intersezione con;VIALE DI TRASTEVERE;VIALE DI TRASTEVERE;;;Scontro laterale fra veicoli in marcia;Incrocio;Una carreggiata a senso unico di marcia;Asciutto;Asfaltata;Verticale ed orizzontale;Sereno;Normale;Buona;Ore Diurne;1;0;0;1;12.4674;41.8767;-1;1;Autovettura privata;In marcia / fermata / arresto;Conducente;M;Illeso;0;;Non accertato;Inesploso
3980082;16;09/09/2018 10:50:00;Strada Urbana;VIA CESARE PASCARELLA;all'intersezione con;VIALE DI TRASTEVERE;VIALE DI TRASTEVERE;;;Scontro laterale fra veicoli in marcia;Incrocio;Una carreggiata a senso unico di marcia;Asciutto;Asfaltata;Verticale ed orizzontale;Sereno;Normale;Buona;Ore Diurne;1;0;0;1;12.4674;41.8767;-1;2;Motociclo con passeggero;In marcia / fermata / arresto;Conducente;M;Rimandato;0;NON DECEDUTO;Non accertato;
3980086;10;09/09/2018 14:55:00;Strada Urbana;VIA TUSCOLANA;all'intersezione semaforizzata con;VIA DELLE CAPANNELLE;VIA DELLE CAPANNELLE;;;Scontro frontale/laterale SX fra veicoli in marcia;Incrocio;Due carreggiate;Asciutto;Asfaltata;Verticale ed orizzontale;Sereno;Scarso;Buona;Ore Diurne;0;0;0;3;12.5756;41.8484;-1;1;Autovettura privata;In marcia / fermata / arresto;Conducente;M;Illeso;0;;Non accertato;Inesploso