Protocollo;Gruppo;DataOraIncidente;Localizzazione1;STRADA1;Localizzazione2;STRADA2;Strada02;Chilometrica;DaSpecificare;NaturaIncidente;particolaritastrade;TipoStrada;FondoStradale;Pavimentazione;Segnaletica;CondizioneAtmosferica;Traffico;Visibilita;Illuminazione;NUM_FERITI;NUM_RISERVATA;NUM_MORTI;NUM_ILLESI;Longitudine;Latitudine;Confermato;Progressivo;TipoVeicolo;StatoVeicolo;TipoPersona;Sesso;Tipolesione;Deceduto;DecedutoDopo;CinturaCascoUtilizzato;Airbag;
3985683;5;12/09/2018 18:00:00;Strada Urbana;VIA DEI CRISPOLTI;da specificare;;;;FRONTE CIVICO 126;Scontro laterale fra veicoli in marcia;Rettilineo;Due carreggiate;Asciutto;Asfaltata;Verticale ed orizzontale;Sereno;Normale;Buona;Ore Diurne;0;0;0;2;12.5509;41.9096;-1;1;Autovettura privata;In marcia / fermata / arresto;Conducente;F;Illeso;0;;Non accertato;
3985683;5;12/09/2018 18:00:00;Strada Urbana;VIA DEI CRISPOLTI;da specificare;;;;FRONTE CIVICO 126;Scontro laterale fra veicoli in marcia;Rettilineo;Due carreggiate;Asciutto;Asfaltata;Verticale ed orizzontale;Sereno;Normale;Buona;Ore Diurne;0;0;0;2;12.5509;41.9096;-1;2;Autovettura privata;In marcia / fermata / arresto;Conducente;F;Illeso;0;;Non accertato;
3985702;18;13/09/2018 06:20:00;Strada Urbana;VIA DI BOCCEA;in prossimità;;del civico n.;220;;Tamponamento;Rettilineo;Una carreggiata a doppio senso;Asciutto;Asfaltata;Verticale ed orizzontale;Nuvoloso;Scarso;Buona;Ore Diurne;1;0;0;2;12.4215;41.9034;-1;;;;Pedone;F;Rimandato;0;NON DECEDUTO;;
3985702;18;13/09/2018 06:20:00;Strada Urbana;VIA DI BOCCEA;in prossimità;;del civico n.;220;;Tamponamento;Rettilineo;Una carreggiata a doppio senso;Asciutto;Asfaltata;Verticale ed orizzontale;Nuvoloso;Scarso;Buona;Ore Diurne;1;0;0;2;12.4215;41.9034;-1;1;Autovettura privata;In marcia / fermata / arresto;Conducente;M;Illeso;0;;Non accertato;Esploso
3985702;18;13/09/2018 06:20:00;Strada Urbana;VIA DI BOCCEA;in prossimità;;del civico n.;220;;Tamponamento;Rettilineo;Una carreggiata a doppio senso;Asciutto;Asfaltata;Verticale ed orizzontale;Nuvoloso;Scarso;Buona;Ore Diurne;1;0;0;2;12.4215;41.9034;-1;2;Autovettura privata;In marcia / fermata / arresto;Conducente;M;Illeso;0;;Non accertato;Inesploso
3985705;5;12/09/2018 18:20:00;Strada Urbana;VIALE KANT;da specificare;;;;DIREZ. TIBURTINA FR. CIVICO 285;Tamponamento Multiplo;Rettilineo;Più di due carreggiate;Asciutto;Asfaltata;Verticale ed orizzontale;Sereno;Intenso;Buona;Ore Diurne;0;0;0;3;12.5528;41.9376;-1;1;Autovettura privata;In marcia / fermata / arresto;Conducente;F;Illeso;0;;Non accertato;Inesploso
3985705;5;12/09/2018 18:20:00;Strada Urbana;VIALE KANT;da specificare;;;;DIREZ. TIBURTINA FR. CIVICO 285;Tamponamento Multiplo;Rettilineo;Più di due carreggiate;Asciutto;Asfaltata;Verticale ed orizzontale;Sereno;Intenso;Buona;Ore Diurne;0;0;0;3;12.5528;41.9376;-1;2;Autovettura privata;In marcia / fermata / arresto;Conducente;F;Illeso;0;;Non accertato;Inesploso
3985705;5;12/09/2018 18:20:00;Strada Urbana;VIALE KANT;da specificare;;;;DIREZ. TIBURTINA FR. CIVICO 285;Tamponamento Multiplo;Rettilineo;Più di due carreggiate;Asciutto;Asfaltata;Verticale ed orizzontale;Sereno;Intenso;Buona;Ore Diurne;0;0;0;3;12.5528;41.9376;-1;3;Autovettura privata;In marcia / fermata / arresto;Conducente;F;Illeso;0;;Non accertato;Inesploso
3985707;10;12/09/2018 14:30:00;Strada Urbana;PIAZZA QUINTO CURZIO;in prossimità;;del civico n.;11;;Veicolo in marcia contro veicoli in sosta;Rettilineo;Due carreggiate;Asciutto;Asfaltata;Verticale ed orizzontale;Sereno;Normale;Buona;Ore Diurne;1;0;0;0;12.5684;41.8562;-1;1;Autovettura privata;In marcia / fermata / arresto;Conducente;M;Rifiuta cure immediate;0;NON DECEDUTO;Non accertato;Inesploso
3985709;11;12/09/2018 21:40:00;Strada Urbana;VIA OSTIENSE;all'intersezione semaforizzata con;VIA DEL PORTO FLUVIALE;VIA DEL PORTO FLUVIALE;;;Scontro frontale/laterale DX fra veicoli in marcia;Intersezione semaforizzata;Due carreggiate;Asciutto;Asfaltata;Verticale ed orizzontale;Sereno;Normale;Sufficiente;Sufficiente;0;0;0;2;12.4802;41.8724;-1;1;Autovettura privata;In marcia / fermata / arresto;Conducente;M;Illeso;0;;;
3985709;11;12/09/2018 21:40:00;Strada Urbana;VIA OSTIENSE;all'intersezione semaforizzata con;VIA DEL PORTO FLUVIALE;VIA DEL PORTO FLUVIALE;;;Scontro frontale/laterale DX fra veicoli in marcia;Intersezione semaforizzata;Due carreggiate;Asciutto;Asfaltata;Verticale ed orizzontale;Sereno;Normale;Sufficiente;Sufficiente;0;0;0;2;12.4802;41.8724;-1;2;Autovettura privata;In marcia / fermata / arresto;Conducente;F;Illeso;0;;;
3985710;15;12/09/2018 22:35:00;Strada Urbana;LUNGOTEVERE DEGLI INVENTORI;in corrispondenza;;del civico n.;50;;Scontro laterale fra veicoli in marcia;Rettilineo;Una carreggiata a doppio senso;Asciutto;Asfaltata;Orizzontale;Sereno;Normale;Sufficiente;Sufficiente;1;0;0;2;12.4671;41.8611;-1;1;Ciclomotore con passeggero;In marcia / fermata / arresto;Conducente;M;Rimandato;0;NON DECEDUTO;Non utilizzato;
3985710;15;12/09/2018 22:35:00;Strada Urbana;LUNGOTEVERE DEGLI INVENTORI;in corrispondenza;;del civico n.;50;;Scontro laterale fra veicoli in marcia;Rettilineo;Una carreggiata a doppio senso;Asciutto;Asfaltata;Orizzontale;Sereno;Normale;Sufficiente;Sufficiente;1;0;0;2;12.4671;41.8611;-1;2;Autovettura privata;In marcia / fermata / arresto;Conducente;M;Illeso;0;;Utilizzato;Inesploso
3985710;15;12/09/2018 22:35:00;Strada Urbana;LUNGOTEVERE DEGLI INVENTORI;in corrispondenza;;del civico n.;50;;Scontro laterale fra veicoli in marcia;Rettilineo;Una carreggiata a doppio senso;Asciutto;Asfaltata;Orizzontale;Sereno;Normale;Sufficiente;Sufficiente;1;0;0;2;12.4671;41.8611;-1;2;Autovettura privata;In marcia / fermata / arresto;Passeggero;M;Illeso;0;;Utilizzato;Inesploso
3985716;13;12/09/2018 22:25:00;Strada Urbana;VIA CAPO SPARTIVENTO;all'intersezione con;VIA CAPO ROSSELLO;VIA CAPO ROSSELLO;;;Scontro frontale/laterale DX fra veicoli in marcia;Incrocio;Più di due carreggiate;Asciutto;Asfaltata;Assente;Sereno;Scarso;Sufficiente;Sufficiente;0;0;0;3;12.2856;41.7368;-1;1;Autovettura privata;In marcia / fermata / arresto;Conducente;F;Illeso;0;;Non accertato;Inesploso
3985716;13;12/09/2018 22:25:00;Strada Urbana;VIA CAPO SPARTIVENTO;all'intersezione con;VIA CAPO ROSSELLO;VIA CAPO ROSSELLO;;;Scontro frontale/laterale DX fra veicoli in marcia;Incrocio;Più di due carreggiate;Asciutto;Asfaltata;Assente;Sereno;Scarso;Sufficiente;Sufficiente;0;0;0;3;12.2856;41.7368;-1;2;Autovettura privata;In marcia / fermata / arresto;Conducente;M;Illeso;0;;Non accertato;Inesploso
3985716;13;12/09/2018 22:25:00;Strada Urbana;VIA CAPO SPARTIVENTO;all'intersezione con;VIA CAPO ROSSELLO;VIA CAPO ROSSELLO;;;Scontro frontale/laterale DX fra veicoli in marcia;Incrocio;Più di due carreggiate;Asciutto;Asfaltata;Assente;Sereno;Scarso;Sufficiente;Sufficiente;0;0;0;3;12.2856;41.7368;-1;2;Autovettura privata;In marcia / fermata / arresto;Passeggero;F;Illeso;0;;Non accertato;Inesploso
3985724;13;12/09/2018 08:55:00;Strada Urbana;VIA OSTIENSE;all'intersezione con;VIA PAVULLO NEL FRIGNANO;VIA PAVULLO NEL FRIGNANO;;;Scontro frontale/laterale DX fra veicoli in marcia;Intersezione stradale segnalata;Una carreggiata a doppio senso;Asciutto;Asfaltata;Verticale;Sereno;Normale;Buona;Ore Diurne;1;0;0;1;12.4229;41.8109;-1;1;Autovettura privata;In marcia / fermata / arresto;Conducente;F;Illeso;0;;Non accertato;Inesploso
3985724;13;12/09/2018 08:55:00;Strada Urbana;VIA OSTIENSE;all'intersezione con;VIA PAVULLO NEL FRIGNANO;VIA PAVULLO NEL FRIGNANO;;;Scontro frontale/laterale DX fra veicoli in marcia;Intersezione stradale segnalata;Una carreggiata a doppio senso;Asciutto;Asfaltata;Verticale;Sereno;Normale;Buona;Ore Diurne;1;0;0;1;12.4229;41.8109;-1;2;Motociclo a solo;In marcia / fermata / arresto;Conducente;M;Rimandato;0;NON DECEDUTO;Utilizzato;
3985732;11;12/09/2018 07:45:00;Strada Urbana;VIA ROSA GUARNIERI CARDUCCI;da specificare;;;;prossimità via G.Borghese;Scontro laterale fra veicoli in marcia;Rettilineo;Una carreggiata a doppio senso;Asciutto;Asfaltata;Orizzontale;Sereno;Scarso;Buona;Ore Diurne;0;0;0;2;12.49;41.8578;-1;1;Autovettura privata;In marcia / fermata / arresto;Conducente;M;Illeso;0;;Non accertato;
3985732;11;12/09/2018 07:45:00;Strada Urbana;VIA ROSA GUARNIERI CARDUCCI;da specificare;;;;prossimità via G.Borghese;Scontro laterale fra veicoli in marcia;Rettilineo;Una carreggiata a doppio senso;Asciutto;Asfaltata;Orizzontale;Sereno;Scarso;Buona;Ore Diurne;0;0;0;2;12.49;41.8578;-1;2;Autovettura privata;In marcia / fermata / arresto;Conducente;F;Illeso;0;;Non accertato;
3985755;20;12/09/2018 19:00:00;Strada Urbana;VIA CASSIA;all'intersezione semaforizzata con;VIA FRANCESCO COLETTI;VIA FRANCESCO COLETTI;;;Scontro frontale/laterale DX fra veicoli in marcia;Intersezione semaforizzata;Due carreggiate;Asciutto;Asfaltata;Verticale ed orizzontale;Sereno;Normale;Buona;Ore Diurne;1;0;0;2;12.4139;41.9827;-1;1;Autovettura privata;In marcia / fermata / arresto;Conducente;F;Rimandato;0;NON DECEDUTO;Non accertato;
3985755;20;12/09/2018 19:00:00;Strada Urbana;VIA CASSIA;all'intersezione semaforizzata con;VIA FRANCESCO COLETTI;VIA FRANCESCO COLETTI;;;Scontro frontale/laterale DX fra veicoli in marcia;Intersezione semaforizzata;Due carreggiate;Asciutto;Asfaltata;Verticale ed orizzontale;Sereno;Normale;Buona;Ore Diurne;1;0;0;2;12.4139;41.9827;-1;1;Autovettura privata;In marcia / fermata / arresto;Passeggero;F;Illeso;0;;Utilizzato;
3985755;20;12/09/2018 19:00:00;Strada Urbana;VIA CASSIA;all'intersezione semaforizzata con;VIA FRANCESCO COLETTI;VIA FRANCESCO COLETTI;;;Scontro frontale/laterale DX fra veicoli in marcia;Intersezione semaforizzata;Due carreggiate;Asciutto;Asfaltata;Verticale ed orizzontale;Sereno;Normale;Buona;Ore Diurne;1;0;0;2;12.4139;41.9827;-1;2;Autovettura privata;In marcia / fermata / arresto;Conducente;M;Illeso;0;;Non accertato;
3985759;11;12/09/2018 15:20:00;Strada Urbana;VIALE DEL CAMPO BOARIO;in corrispondenza;;del civico n.;3/A;;Scontro frontale/laterale SX fra veicoli in marcia;Rettilineo;Una carreggiata a doppio senso;Asciutto;Asfaltata;Verticale ed orizzontale;Sereno;Normale;Buona;Ore Diurne;0;0;0;4;12.4802;41.8758;-1;1;Autovettura privata;In marcia / fermata / arresto;Conducente;M;Illeso;0;;;
3985759;11;12/09/2018 15:20:00;Strada Urbana;VIALE DEL CAMPO BOARIO;in corrispondenza;;del civico n.;3/A;;Scontro frontale/laterale SX fra veicoli in marcia;Rettilineo;Una carreggiata a doppio senso;Asciutto;Asfaltata;Verticale ed orizzontale;Sereno;Normale;Buona;Ore Diurne;0;0;0;4;12.4802;41.8758;-1;2;Autovettura privata;In marcia / fermata / arresto;Conducente;F;Illeso;0;;;
3985759;11;12/09/2018 15:20:00;Strada Urbana;VIALE DEL CAMPO BOARIO;in corrispondenza;;del civico n.;3/A;;Scontro frontale/laterale SX fra veicoli in marcia;Rettilineo;Una carreggiata a doppio senso;Asciutto;Asfaltata;Verticale ed orizzontale;Sereno;Normale;Buona;Ore Diurne;0;0;0;4;12.4802;41.8758;-1;2;Autovettura privata;In marcia / fermata / arresto;Passeggero;M;Illeso;0;;;
3985759;11;12/09/2018 15:20:00;Strada Urbana;VIALE DEL CAMPO BOARIO;in corrispondenza;;del civico n.;3/A;;Scontro frontale/laterale SX fra veicoli in marcia;Rettilineo;Una carreggiata a doppio senso;Asciutto;Asfaltata;Verticale ed orizzontale;Sereno;Normale;Buona;Ore Diurne;0;0;0;4;12.4802;41.8758;-1;2;Autovettura privata;In marcia / fermata / arresto;Passeggero;M;Illeso;0;;;
3985769;13;12/09/2018 20:35:00;Strada Urbana;LUNGOMARE DUCA DEGLI ABRUZZI;in corrispondenza;;del palo luce n.;72;;Investimento di pedone;Rettilineo;Una carreggiata a doppio senso;Asciutto;Asfaltata;Assente;Sereno;Normale;Sufficiente;Sufficiente;2;0;0;1;12.2591;41.7353;-1;;;;Pedone;F;Rimandato;0;NON DECEDUTO;;
3985769;13;12/09/2018 20:35:00;Strada Urbana;LUNGOMARE DUCA DEGLI ABRUZZI;in corrispondenza;;del palo luce n.;72;;Investimento di pedone;Rettilineo;Una carreggiata a doppio senso;Asciutto;Asfaltata;Assente;Sereno;Normale;Sufficiente;Sufficiente;2;0;0;1;12.2591;41.7353;-1;;;;Pedone;F;Rimandato;0;NON DECEDUTO;;
3985769;13;12/09/2018 20:35:00;Strada Urbana;LUNGOMARE DUCA DEGLI ABRUZZI;in corrispondenza;;del palo luce n.;72;;Investimento di pedone;Rettilineo;Una carreggiata a doppio senso;Asciutto;Asfaltata;Assente;Sereno;Normale;Sufficiente;Sufficiente;2;0;0;1;12.2591;41.7353;-1;1;Autovettura privata;In marcia / fermata / arresto;Conducente;M;Illeso;0;;Non accertato;Inesploso
3985772;19;12/09/2018 14:40:00;Strada Urbana;GALLERIA GIOVANNI XXIII;in prossimità;;della chilometrica;8.85;;Veicolo in marcia contro ostacolo fisso;Galleria illuminata;Una carreggiata a senso unico di marcia;Asciutto;Asfaltata;Verticale ed orizzontale;Sereno;Normale;Sufficiente;Sufficiente;1;0;0;0;12.4326;41.937;-1;1;Autovettura privata;In marcia / fermata / arresto;Conducente;M;Rimandato;0;NON DECEDUTO;;
3985774;19;12/09/2018 15:30:00;Strada Urbana;VIA PIETRO ADAMI;in prossimità;;del civico n.;1;;Veicolo in marcia contro ostacolo accidentale;Rettilineo;Una carreggiata a senso unico di marcia;Asciutto;Asfaltata;Verticale;Sereno;Scarso;Buona;Ore Diurne;0;0;0;1;12.4195;41.9256;-1;1;Autovettura privata;In marcia / fermata / arresto;Conducente;M;Illeso;0;;Non accertato;Inesploso
3985793;7;12/09/2018 12:00:00;;VIALE ALESSANDRINO;in corrispondenza;;del civico n.;320;;Tamponamento;;;;;;;;;;0;0;0;5;;;0;1;Autovettura privata;In marcia / fermata / arresto;Conducente;M;Illeso;0;;Non utilizzato;Inesploso
3985793;7;12/09/2018 12:00:00;;VIALE ALESSANDRINO;in corrispondenza;;del civico n.;320;;Tamponamento;;;;;;;;;;0;0;0;5;;;0;1;Autovettura privata;In marcia / fermata / arresto;Passeggero;F;Illeso;0;;Non accertato;Inesploso
3985793;7;12/09/2018 12:00:00;;VIALE ALESSANDRINO;in corrispondenza;;del civico n.;320;;Tamponamento;;;;;;;;;;0;0;0;5;;;0;1;Autovettura privata;In marcia / fermata / arresto;Passeggero;M;Illeso;0;;Non accertato;Inesploso
3985793;7;12/09/2018 12:00:00;;VIALE ALESSANDRINO;in corrispondenza;;del civico n.;320;;Tamponamento;;;;;;;;;;0;0;0;5;;;0;2;Autovettura privata;In marcia / fermata / arresto;Conducente;M;Illeso;0;;Non accertato;Inesploso
3985793;7;12/09/2018 12:00:00;;VIALE ALESSANDRINO;in corrispondenza;;del civico n.;320;;Tamponamento;;;;;;;;;;0;0;0;5;;;0;2;Autovettura privata;In marcia / fermata / arresto;Passeggero;M;Illeso;0;;Non accertato;Inesploso
3985806;4;12/09/2018 08:40:00;Strada Urbana;VIALE JONIO;in corrispondenza;;del civico n.;303;;Investimento di pedone;Rettilineo;Due carreggiate;Asciutto;Asfaltata;Verticale ed orizzontale;Sole radente;Intenso;Buona;Ore Diurne;1;0;0;1;12.5312;41.9455;-1;;;;Pedone;F;Ricoverato;0;NON DECEDUTO;;
3985806;4;12/09/2018 08:40:00;Strada Urbana;VIALE JONIO;in corrispondenza;;del civico n.;303;;Investimento di pedone;Rettilineo;Due carreggiate;Asciutto;Asfaltata;Verticale ed orizzontale;Sole radente;Intenso;Buona;Ore Diurne;1;0;0;1;12.5312;41.9455;-1;1;Autovettura privata;In marcia / fermata / arresto;Conducente;F;Illeso;0;;;
3985857;15;13/09/2018 08:30:00;Strada Urbana;VIA PASQUALE BAFFI;in corrispondenza;;del civico n.;10;;Scontro frontale/laterale SX fra veicoli in marcia;Rettilineo;Una carreggiata a doppio senso;Asciutto;Asfaltata;Verticale ed orizzontale;Nuvoloso;Intenso;Buona;Ore Diurne;0;0;0;2;12.4522;41.8521;-1;1;Autovettura privata;In marcia / fermata / arresto;Conducente;F;Illeso;0;;Non accertato;Inesploso
3985857;15;13/09/2018 08:30:00;Strada Urbana;VIA PASQUALE BAFFI;in corrispondenza;;del civico n.;10;;Scontro frontale/laterale SX fra veicoli in marcia;Rettilineo;Una carreggiata a doppio senso;Asciutto;Asfaltata;Verticale ed orizzontale;Nuvoloso;Intenso;Buona;Ore Diurne;0;0;0;2;12.4522;41.8521;-1;2;Autovettura privata;In marcia / fermata / arresto;Conducente;M;Illeso;0;;Non accertato;Inesploso
3985858;13;12/09/2018 13:20:00;Strada Urbana;VIA DEI BASTIMENTI;all'intersezione con;VIA DELLA CARLINGA;VIA DELLA CARLINGA;;;Scontro frontale/laterale DX fra veicoli in marcia;Incrocio;Una carreggiata a doppio senso;Asciutto;Sterrata;Assente;Sereno;Scarso;Sufficiente;Ore Diurne;0;0;0;5;12.2383;41.7403;-1;1;Autovettura privata;In marcia / fermata / arresto;Conducente;M;Illeso;0;;;
3985858;13;12/09/2018 13:20:00;Strada Urbana;VIA DEI BASTIMENTI;all'intersezione con;VIA DELLA CARLINGA;VIA DELLA CARLINGA;;;Scontro frontale/laterale DX fra veicoli in marcia;Incrocio;Una carreggiata a doppio senso;Asciutto;Sterrata;Assente;Sereno;Scarso;Sufficiente;Ore Diurne;0;0;0;5;12.2383;41.7403;-1;1;Autovettura privata;In marcia / fermata / arresto;Passeggero;F;Illeso;0;;;
3985858;13;12/09/2018 13:20:00;Strada Urbana;VIA DEI BASTIMENTI;all'intersezione con;VIA DELLA CARLINGA;VIA DELLA CARLINGA;;;Scontro frontale/laterale DX fra veicoli in marcia;Incrocio;Una carreggiata a doppio senso;Asciutto;Sterrata;Assente;Sereno;Scarso;Sufficiente;Ore Diurne;0;0;0;5;12.2383;41.7403;-1;1;Autovettura privata;In marcia / fermata / arresto;Passeggero;M;Illeso;0;;;Inesploso
3985858;13;12/09/2018 13:20:00;Strada Urbana;VIA DEI BASTIMENTI;all'intersezione con;VIA DELLA CARLINGA;VIA DELLA CARLINGA;;;Scontro frontale/laterale DX fra veicoli in marcia;Incrocio;Una carreggiata a doppio senso;Asciutto;Sterrata;Assente;Sereno;Scarso;Sufficiente;Ore Diurne;0;0;0;5;12.2383;41.7403;-1;2;Autovettura privata;In marcia / fermata / arresto;Conducente;F;Illeso;0;;;
3985858;13;12/09/2018 13:20:00;Strada Urbana;VIA DEI BASTIMENTI;all'intersezione con;VIA DELLA CARLINGA;VIA DELLA CARLINGA;;;Scontro frontale/laterale DX fra veicoli in marcia;Incrocio;Una carreggiata a doppio senso;Asciutto;Sterrata;Assente;Sereno;Scarso;Sufficiente;Ore Diurne;0;0;0;5;12.2383;41.7403;-1;2;Autovettura privata;In marcia / fermata / arresto;Passeggero;M;Illeso;0;;;Inesploso
3985881;12;12/09/2018 17:40:00;Strada Urbana;VIALE DELLA GRANDE MURAGLIA;all'intersezione con;PIAZZA MONTE DI TAI;PIAZZA MONTE DI TAI;;;Scontro frontale/laterale DX fra veicoli in marcia;Rotatoria;Una carreggiata a senso unico di marcia;Asciutto;Asfaltata;Verticale ed orizzontale;Sereno;Normale;Buona;Ore Diurne;2;0;0;1;12.435;41.8077;-1;1;Autovettura di polizia;In marcia / fermata / arresto;Conducente;M;Rimandato;0;NON DECEDUTO;;
3985881;12;12/09/2018 17:40:00;Strada Urbana;VIALE DELLA GRANDE MURAGLIA;all'intersezione con;PIAZZA MONTE DI TAI;PIAZZA MONTE DI TAI;;;Scontro frontale/laterale DX fra veicoli in marcia;Rotatoria;Una carreggiata a senso unico di marcia;Asciutto;Asfaltata;Verticale ed orizzontale;Sereno;Normale;Buona;Ore Diurne;2;0;0;1;12.435;41.8077;-1;1;Autovettura di polizia;In marcia / fermata / arresto;Passeggero;M;Rimandato;0;NON DECEDUTO;;
3985881;12;12/09/2018 17:40:00;Strada Urbana;VIALE DELLA GRANDE MURAGLIA;all'intersezione con;PIAZZA MONTE DI TAI;PIAZZA MONTE DI TAI;;;Scontro frontale/laterale DX fra veicoli in marcia;Rotatoria;Una carreggiata a senso unico di marcia;Asciutto;Asfaltata;Verticale ed orizzontale;Sereno;Normale;Buona;Ore Diurne;2;0;0;1;12.435;41.8077;-1;2;Autovettura privata;In marcia / fermata / arresto;Conducente;M;Illeso;0;;Non accertato;Inesploso
3985889;13;12/09/2018 17:15:00;Strada Urbana;LUNGOMARE AMERIGO VESPUCCI;in prossimità;;del civico n.;43;;Scontro frontale/laterale DX fra veicoli in marcia;Rettilineo;Una carreggiata a doppio senso;Asciutto;Asfaltata;Orizzontale;Sereno;Normale;Buona;Ore Diurne;0;0;0;2;12.3265;41.7109;-1;1;Autovettura privata;In marcia / fermata / arresto;Conducente;M;Illeso;0;;Non accertato;Inesploso
3985889;13;12/09/2018 17:15:00;Strada Urbana;LUNGOMARE AMERIGO VESPUCCI;in prossimità;;del civico n.;43;;Scontro frontale/laterale DX fra veicoli in marcia;Rettilineo;Una carreggiata a doppio senso;Asciutto;Asfaltata;Orizzontale;Sereno;Normale;Buona;Ore Diurne;0;0;0;2;12.3265;41.7109;-1;2;Autovettura privata;In marcia / fermata / arresto;Conducente;M;Illeso;0;;;
3985908;18;12/09/2018 20:30:00;Strada Urbana;VIA NOSTRA SIGNORA DI LOURDES;da specificare;;;;IN PROSSIMITA' FRONTE CIV. 45;Veicolo in marcia contro veicolo in sosta;Curva a visuale libera;Una carreggiata a doppio senso;Asciutto;Asfaltata;Verticale ed orizzontale;Sereno;Scarso;Buona;Sufficiente;0;0;0;1;12.4291;41.903;-1;1;Autovettura privata;In marcia / fermata / arresto;Conducente;M;Illeso;0;;;
3985920;18;12/09/2018 17:15:00;Strada Urbana;VIA BALDO DEGLI UBALDI;all'intersezione con;VIA GIROLAMO VITELLI;VIA GIROLAMO VITELLI;;;Investimento di pedone;Incrocio;Una carreggiata a senso unico di marcia;Asciutto;Asfaltata;Orizzontale;Sereno;Normale;Buona;Ore Diurne;2;0;0;1;12.4363;41.8999;-1;;;;Pedone;F;Rimandato;0;NON DECEDUTO;;
3985920;18;12/09/2018 17:15:00;Strada Urbana;VIA BALDO DEGLI UBALDI;all'intersezione con;VIA GIROLAMO VITELLI;VIA GIROLAMO VITELLI;;;Investimento di pedone;Incrocio;Una carreggiata a senso unico di marcia;Asciutto;Asfaltata;Orizzontale;Sereno;Normale;Buona;Ore Diurne;2;0;0;1;12.4363;41.8999;-1;;;;Pedone;M;Rimandato;0;NON DECEDUTO;;
3985920;18;12/09/2018 17:15:00;Strada Urbana;VIA BALDO DEGLI UBALDI;all'intersezione con;VIA GIROLAMO VITELLI;VIA GIROLAMO VITELLI;;;Investimento di pedone;Incrocio;Una carreggiata a senso unico di marcia;Asciutto;Asfaltata;Orizzontale;Sereno;Normale;Buona;Ore Diurne;2;0;0;1;12.4363;41.8999;-1;1;Autovettura privata;In marcia / fermata / arresto;Conducente;M;Illeso;0;;;
3985946;18;13/09/2018 01:30:00;Strada Urbana;VIA GREGORIO VII;da specificare;;;;in prossimità del fronte civico 257;Veicolo in marcia contro veicoli in sosta;Rettilineo;Più di due carreggiate;Asciutto;Asfaltata;Verticale ed orizzontale;Sereno;Scarso;Buona;Sufficiente;0;0;0;2;12.4401;41.8959;-1;1;Autovettura privata;In marcia / fermata / arresto;Conducente;M;Illeso;0;;;
3985946;18;13/09/2018 01:30:00;Strada Urbana;VIA GREGORIO VII;da specificare;;;;in prossimità del fronte civico 257;Veicolo in marcia contro veicoli in sosta;Rettilineo;Più di due carreggiate;Asciutto;Asfaltata;Verticale ed orizzontale;Sereno;Scarso;Buona;Sufficiente;0;0;0;2;12.4401;41.8959;-1;1;Autovettura privata;In marcia / fermata / arresto;Passeggero;M;Illeso;0;;;
3985951;12;12/09/2018 08:20:00;Strada Urbana;VIA CRISTOFORO COLOMBO;all'intersezione con;VIALE AMERICA;VIALE AMERICA;;;Scontro laterale fra veicoli in marcia;Intersezione stradale segnalata;Due carreggiate;Asciutto;Asfaltata;Verticale ed orizzontale;Sereno;Intenso;Buona;Ore Diurne;1;0;0;3;12.4692;41.8293;-1;1;Autovettura privata;In marcia / fermata / arresto;Conducente;M;Illeso;0;;Utilizzato;Inesploso
3985951;12;12/09/2018 08:20:00;Strada Urbana;VIA CRISTOFORO COLOMBO;all'intersezione con;VIALE AMERICA;VIALE AMERICA;;;Scontro laterale fra veicoli in marcia;Intersezione stradale segnalata;Due carreggiate;Asciutto;Asfaltata;Verticale ed orizzontale;Sereno;Intenso;Buona;Ore Diurne;1;0;0;3;12.4692;41.8293;-1;1;Autovettura privata;In marcia / fermata / arresto;Passeggero;F;Illeso;0;;Utilizzato;Inesploso
3985951;12;12/09/2018 08:20:00;Strada Urbana;VIA CRISTOFORO COLOMBO;all'intersezione con;VIALE AMERICA;VIALE AMERICA;;;Scontro laterale fra veicoli in marcia;Intersezione stradale segnalata;Due carreggiate;Asciutto;Asfaltata;Verticale ed orizzontale;Sereno;Intenso;Buona;Ore Diurne;1;0;0;3;12.4692;41.8293;-1;2;Motociclo a solo;In marcia / fermata / arresto;Conducente;M;Rimandato;0;NON DECEDUTO;;
3985951;12;12/09/2018 08:20:00;Strada Urbana;VIA CRISTOFORO COLOMBO;all'intersezione con;VIALE AMERICA;VIALE AMERICA;;;Scontro laterale fra veicoli in marcia;Intersezione stradale segnalata;Due carreggiate;Asciutto;Asfaltata;Verticale ed orizzontale;Sereno;Intenso;Buona;Ore Diurne;1;0;0;3;12.4692;41.8293;-1;3;Autocarro inferiore 35 q.;In marcia / fermata / arresto;Conducente;M;Illeso;0;;Utilizzato;Inesploso
3985973;16;12/09/2018 08:15:00;Strada Urbana;VIA DI BRAVETTA;da specificare;;;;fronte prossimità palo Acea n. 1;Scontro laterale fra veicoli in marcia;Rettilineo;Una carreggiata a doppio senso;Asciutto;Asfaltata;Verticale ed orizzontale;Sereno;Intenso;Buona;Ore Diurne;0;0;0;2;12.4257;41.8762;-1;1;Autovettura privata;In marcia / fermata / arresto;Conducente;F;Illeso;0;;Non accertato;Inesploso
3985973;16;12/09/2018 08:15:00;Strada Urbana;VIA DI BRAVETTA;da specificare;;;;fronte prossimità palo Acea n. 1;Scontro laterale fra veicoli in marcia;Rettilineo;Una carreggiata a doppio senso;Asciutto;Asfaltata;Verticale ed orizzontale;Sereno;Intenso;Buona;Ore Diurne;0;0;0;2;12.4257;41.8762;-1;2;Autovettura privata;In marcia / fermata / arresto;Conducente;M;Illeso;0;;Non accertato;Inesploso