Protocollo;Gruppo;DataOraIncidente;Localizzazione1;STRADA1;Localizzazione2;STRADA2;Strada02;Chilometrica;DaSpecificare;NaturaIncidente;particolaritastrade;TipoStrada;FondoStradale;Pavimentazione;Segnaletica;CondizioneAtmosferica;Traffico;Visibilita;Illuminazione;NUM_FERITI;NUM_RISERVATA;NUM_MORTI;NUM_ILLESI;Longitudine;Latitudine;Confermato;Progressivo;TipoVeicolo;StatoVeicolo;TipoPersona;Sesso;Tipolesione;Deceduto;DecedutoDopo;CinturaCascoUtilizzato;Airbag;
3996054;1;19/09/2018 07:25:00;Provinciale entro l'abitato;PIAZZA VITTORIO EMANUELE II;all'intersezione semaforizzata con;VIA PRINCIPE EUGENIO;VIA PRINCIPE EUGENIO;;;Scontro frontale/laterale DX fra veicoli in marcia;Intersezione semaforizzata;Una carreggiata a doppio senso;Asciutto;Asfaltata;Verticale ed orizzontale;Nuvoloso;Normale;Buona;Ore Diurne;3;0;0;0;12.5064;41.8944;-1;1;Autovettura privata;In marcia / fermata / arresto;Passeggero;M;Rimandato;0;NON DECEDUTO;Non accertato;Inesploso
3996054;1;19/09/2018 07:25:00;Provinciale entro l'abitato;PIAZZA VITTORIO EMANUELE II;all'intersezione semaforizzata con;VIA PRINCIPE EUGENIO;VIA PRINCIPE EUGENIO;;;Scontro frontale/laterale DX fra veicoli in marcia;Intersezione semaforizzata;Una carreggiata a doppio senso;Asciutto;Asfaltata;Verticale ed orizzontale;Nuvoloso;Normale;Buona;Ore Diurne;3;0;0;0;12.5064;41.8944;-1;2;Autovettura privata;In marcia / fermata / arresto;Conducente;M;Rifiuta cure immediate;0;NON DECEDUTO;Non accertato;Inesploso
3996096;12;19/09/2018 18:30:00;Strada Urbana;VIA DELLE TRE FONTANE;all'intersezione semaforizzata con;VIALE DELL'AGRICOLTURA;VIALE DELL'AGRICOLTURA;;;Scontro frontale/laterale SX fra veicoli in marcia;Intersezione semaforizzata;Una carreggiata a doppio senso;Bagnato (umidità in atto);Asfaltata;Verticale ed orizzontale;Nuvoloso;Normale;Buona;Ore Diurne;0;0;0;4;12.4728;41.8396;-1;1;Autovettura privata;In marcia / fermata / arresto;Conducente;M;Illeso;0;;Utilizzato;Inesploso
3996096;12;19/09/2018 18:30:00;Strada Urbana;VIA DELLE TRE FONTANE;all'intersezione semaforizzata con;VIALE DELL'AGRICOLTURA;VIALE DELL'AGRICOLTURA;;;Scontro frontale/laterale SX fra veicoli in marcia;Intersezione semaforizzata;Una carreggiata a doppio senso;Bagnato (umidità in atto);Asfaltata;Verticale ed orizzontale;Nuvoloso;Normale;Buona;Ore Diurne;0;0;0;4;12.4728;41.8396;-1;1;Autovettura privata;In marcia / fermata / arresto;Passeggero;M;Illeso;0;;Utilizzato;Inesploso
3996096;12;19/09/2018 18:30:00;Strada Urbana;VIA DELLE TRE FONTANE;all'intersezione semaforizzata con;VIALE DELL'AGRICOLTURA;VIALE DELL'AGRICOLTURA;;;Scontro frontale/laterale SX fra veicoli in marcia;Intersezione semaforizzata;Una carreggiata a doppio senso;Bagnato (umidità in atto);Asfaltata;Verticale ed orizzontale;Nuvoloso;Normale;Buona;Ore Diurne;0;0;0;4;12.4728;41.8396;-1;1;Autovettura privata;In marcia / fermata / arresto;Passeggero;F;Illeso;0;;Utilizzato;Inesploso
3996096;12;19/09/2018 18:30:00;Strada Urbana;VIA DELLE TRE FONTANE;all'intersezione semaforizzata con;VIALE DELL'AGRICOLTURA;VIALE DELL'AGRICOLTURA;;;Scontro frontale/laterale SX fra veicoli in marcia;Intersezione semaforizzata;Una carreggiata a doppio senso;Bagnato (umidità in atto);Asfaltata;Verticale ed orizzontale;Nuvoloso;Normale;Buona;Ore Diurne;0;0;0;4;12.4728;41.8396;-1;2;Autovettura privata;In marcia / fermata / arresto;Conducente;F;Illeso;0;;Utilizzato;Inesploso
3996097;16;18/09/2018 15:15:00;Strada Urbana;PIAZZA DI DONNA OLIMPIA;all'intersezione con;VIA DI DONNA OLIMPIA;VIA DI DONNA OLIMPIA;;;Scontro laterale fra veicoli in marcia;Intersezione semaforizzata;Due carreggiate;Asciutto;Asfaltata;Verticale ed orizzontale;Sereno;Normale;Buona;Ore Diurne;0;0;0;2;12.4525;41.8776;-1;1;Quadriciclo leggero;In marcia / fermata / arresto;Conducente;F;Illeso;0;;;
3996097;16;18/09/2018 15:15:00;Strada Urbana;PIAZZA DI DONNA OLIMPIA;all'intersezione con;VIA DI DONNA OLIMPIA;VIA DI DONNA OLIMPIA;;;Scontro laterale fra veicoli in marcia;Intersezione semaforizzata;Due carreggiate;Asciutto;Asfaltata;Verticale ed orizzontale;Sereno;Normale;Buona;Ore Diurne;0;0;0;2;12.4525;41.8776;-1;2;Autovettura privata;In marcia / fermata / arresto;Conducente;M;Illeso;0;;;
3996105;16;18/09/2018 16:10:00;Strada Urbana;VIA RAFFAELE PAOLUCCI;in corrispondenza;;del civico n.;48;;Veicolo in marcia contro veicolo in sosta;Rettilineo;Una carreggiata a doppio senso;Asciutto;Asfaltata;Assente;Sereno;Scarso;Buona;Ore Diurne;0;0;0;1;12.4494;41.8787;-1;1;Autocarro inferiore 35 q.;In marcia / fermata / arresto;Conducente;M;Illeso;0;;Non accertato;
3996118;5;19/09/2018 18:30:00;Strada Urbana;VIA DEI MONTI TIBURTINI;da specificare;;;;prossimità via dei Durantini;Tamponamento Multiplo;Rettilineo;Due carreggiate;Asciutto;Asfaltata;Orizzontale;Nuvoloso;Intenso;Buona;Ore Diurne;0;0;0;3;12.5434;41.917;-1;1;Autovettura privata;In marcia / fermata / arresto;Conducente;F;Illeso;0;;Non accertato;Inesploso
3996118;5;19/09/2018 18:30:00;Strada Urbana;VIA DEI MONTI TIBURTINI;da specificare;;;;prossimità via dei Durantini;Tamponamento Multiplo;Rettilineo;Due carreggiate;Asciutto;Asfaltata;Orizzontale;Nuvoloso;Intenso;Buona;Ore Diurne;0;0;0;3;12.5434;41.917;-1;2;Autovettura privata;In marcia / fermata / arresto;Conducente;M;Illeso;0;;Non accertato;Inesploso
3996118;5;19/09/2018 18:30:00;Strada Urbana;VIA DEI MONTI TIBURTINI;da specificare;;;;prossimità via dei Durantini;Tamponamento Multiplo;Rettilineo;Due carreggiate;Asciutto;Asfaltata;Orizzontale;Nuvoloso;Intenso;Buona;Ore Diurne;0;0;0;3;12.5434;41.917;-1;3;Autovettura privata;In marcia / fermata / arresto;Conducente;M;Illeso;0;;Non accertato;Inesploso
3996131;3;18/09/2018 09:35:00;Strada Urbana;VIALE DEL POLICLINICO;all'intersezione semaforizzata con;PIAZZA GIROLAMO FABRIZIO;PIAZZA GIROLAMO FABRIZIO;;;Veicolo in marcia contro ostacolo accidentale;Intersezione semaforizzata;Due carreggiate;Asciutto;Con buche;Verticale ed orizzontale;Nuvoloso;Normale;Sufficiente;Sufficiente;1;0;0;0;12.5083;41.9092;-1;1;Motociclo a solo;In marcia / fermata / arresto;Conducente;F;Rimandato;0;NON DECEDUTO;;
3996133;3;19/09/2018 10:00:00;Strada Urbana;VIA TIBURTINA;in prossimità;;del civico n.;263;;Scontro laterale fra veicoli in marcia;Rettilineo;Più di due carreggiate;Bagnato (umidità in atto);Asfaltata;Verticale ed orizzontale;Nuvoloso;Normale;Buona;Ore Diurne;0;0;0;10;12.5236;41.9074;-1;1;Autovettura privata;In marcia / fermata / arresto;Conducente;M;Illeso;0;;Non accertato;Inesploso
3996133;3;19/09/2018 10:00:00;Strada Urbana;VIA TIBURTINA;in prossimità;;del civico n.;263;;Scontro laterale fra veicoli in marcia;Rettilineo;Più di due carreggiate;Bagnato (umidità in atto);Asfaltata;Verticale ed orizzontale;Nuvoloso;Normale;Buona;Ore Diurne;0;0;0;10;12.5236;41.9074;-1;2;Autovettura privata;In marcia / fermata / arresto;Conducente;M;Illeso;0;;Non accertato;Inesploso
3996133;3;19/09/2018 10:00:00;Strada Urbana;VIA TIBURTINA;in prossimità;;del civico n.;263;;Scontro laterale fra veicoli in marcia;Rettilineo;Più di due carreggiate;Bagnato (umidità in atto);Asfaltata;Verticale ed orizzontale;Nuvoloso;Normale;Buona;Ore Diurne;0;0;0;10;12.5236;41.9074;-1;2;Autovettura privata;In marcia / fermata / arresto;Passeggero;M;Illeso;0;;Non accertato;Inesploso
3996133;3;19/09/2018 10:00:00;Strada Urbana;VIA TIBURTINA;in prossimità;;del civico n.;263;;Scontro laterale fra veicoli in marcia;Rettilineo;Più di due carreggiate;Bagnato (umidità in atto);Asfaltata;Verticale ed orizzontale;Nuvoloso;Normale;Buona;Ore Diurne;0;0;0;10;12.5236;41.9074;-1;2;Autovettura privata;In marcia / fermata / arresto;Passeggero;F;Illeso;0;;Non accertato;Inesploso
3996133;3;19/09/2018 10:00:00;Strada Urbana;VIA TIBURTINA;in prossimità;;del civico n.;263;;Scontro laterale fra veicoli in marcia;Rettilineo;Più di due carreggiate;Bagnato (umidità in atto);Asfaltata;Verticale ed orizzontale;Nuvoloso;Normale;Buona;Ore Diurne;0;0;0;10;12.5236;41.9074;-1;2;Autovettura privata;In marcia / fermata / arresto;Passeggero;F;Illeso;0;;Non accertato;Inesploso
3996133;3;19/09/2018 10:00:00;Strada Urbana;VIA TIBURTINA;in prossimità;;del civico n.;263;;Scontro laterale fra veicoli in marcia;Rettilineo;Più di due carreggiate;Bagnato (umidità in atto);Asfaltata;Verticale ed orizzontale;Nuvoloso;Normale;Buona;Ore Diurne;0;0;0;10;12.5236;41.9074;-1;2;Autovettura privata;In marcia / fermata / arresto;Passeggero;M;Illeso;0;;Non accertato;Inesploso
3996133;3;19/09/2018 10:00:00;Strada Urbana;VIA TIBURTINA;in prossimità;;del civico n.;263;;Scontro laterale fra veicoli in marcia;Rettilineo;Più di due carreggiate;Bagnato (umidità in atto);Asfaltata;Verticale ed orizzontale;Nuvoloso;Normale;Buona;Ore Diurne;0;0;0;10;12.5236;41.9074;-1;2;Autovettura privata;In marcia / fermata / arresto;Passeggero;M;Illeso;0;;Non accertato;Inesploso
3996133;3;19/09/2018 10:00:00;Strada Urbana;VIA TIBURTINA;in prossimità;;del civico n.;263;;Scontro laterale fra veicoli in marcia;Rettilineo;Più di due carreggiate;Bagnato (umidità in atto);Asfaltata;Verticale ed orizzontale;Nuvoloso;Normale;Buona;Ore Diurne;0;0;0;10;12.5236;41.9074;-1;2;Autovettura privata;In marcia / fermata / arresto;Passeggero;M;Illeso;0;;Non accertato;Inesploso
3996470;9;19/09/2018 13:20:00;Strada Urbana;VIA LA SPEZIA;da specificare;;;;FRONTE CIV.4;Investimento di pedone;Rettilineo;Due carreggiate;Bagnato (pioggia);Asfaltata;Verticale ed orizzontale;Pioggia in atto;Normale;Buona;Ore Diurne;1;0;0;1;12.5117;41.8858;-1;;;;Pedone;M;Rimandato;0;NON DECEDUTO;;
3996470;9;19/09/2018 13:20:00;Strada Urbana;VIA LA SPEZIA;da specificare;;;;FRONTE CIV.4;Investimento di pedone;Rettilineo;Due carreggiate;Bagnato (pioggia);Asfaltata;Verticale ed orizzontale;Pioggia in atto;Normale;Buona;Ore Diurne;1;0;0;1;12.5117;41.8858;-1;1;Autovettura privata;In marcia / fermata / arresto;Conducente;F;Illeso;0;;Non accertato;Inesploso
3996481;8;19/09/2018 08:15:00;Strada Urbana;VIA DI GROTTE CELONI;da specificare;;;;area parcheggio fronte scuola E. Marelli;Veicolo in marcia contro ostacolo accidentale;Rettilineo;Una carreggiata a senso unico di marcia;Asciutto;Asfaltata;Assente;Nuvoloso;Scarso;Buona;Ore Diurne;0;0;0;4;12.6431;41.8575;-1;1;Autovettura privata;In marcia / fermata / arresto;Conducente;M;Illeso;0;;Non accertato;Inesploso
3996481;8;19/09/2018 08:15:00;Strada Urbana;VIA DI GROTTE CELONI;da specificare;;;;area parcheggio fronte scuola E. Marelli;Veicolo in marcia contro ostacolo accidentale;Rettilineo;Una carreggiata a senso unico di marcia;Asciutto;Asfaltata;Assente;Nuvoloso;Scarso;Buona;Ore Diurne;0;0;0;4;12.6431;41.8575;-1;1;Autovettura privata;In marcia / fermata / arresto;Passeggero;M;Illeso;0;;Non accertato;Inesploso
3996481;8;19/09/2018 08:15:00;Strada Urbana;VIA DI GROTTE CELONI;da specificare;;;;area parcheggio fronte scuola E. Marelli;Veicolo in marcia contro ostacolo accidentale;Rettilineo;Una carreggiata a senso unico di marcia;Asciutto;Asfaltata;Assente;Nuvoloso;Scarso;Buona;Ore Diurne;0;0;0;4;12.6431;41.8575;-1;1;Autovettura privata;In marcia / fermata / arresto;Passeggero;F;Illeso;0;;Non accertato;Inesploso
3996481;8;19/09/2018 08:15:00;Strada Urbana;VIA DI GROTTE CELONI;da specificare;;;;area parcheggio fronte scuola E. Marelli;Veicolo in marcia contro ostacolo accidentale;Rettilineo;Una carreggiata a senso unico di marcia;Asciutto;Asfaltata;Assente;Nuvoloso;Scarso;Buona;Ore Diurne;0;0;0;4;12.6431;41.8575;-1;1;Autovettura privata;In marcia / fermata / arresto;Passeggero;M;Illeso;0;;Non accertato;Inesploso
3996487;8;19/09/2018 08:40:00;Statale;VIA CASILINA;all'intersezione con;CIRCONVALLAZIONE ORIENTALE;CIRCONVALLAZIONE ORIENTALE;;;Tamponamento Multiplo;Incrocio;Una carreggiata a senso unico di marcia;Asciutto;Asfaltata;Verticale ed orizzontale;Sereno;Intenso;Buona;Ore Diurne;0;0;0;3;12.6194;41.8629;-1;1;Autocarro superiore 35 q.;In marcia / fermata / arresto;Conducente;M;Illeso;0;;Non accertato;Inesploso
3996487;8;19/09/2018 08:40:00;Statale;VIA CASILINA;all'intersezione con;CIRCONVALLAZIONE ORIENTALE;CIRCONVALLAZIONE ORIENTALE;;;Tamponamento Multiplo;Incrocio;Una carreggiata a senso unico di marcia;Asciutto;Asfaltata;Verticale ed orizzontale;Sereno;Intenso;Buona;Ore Diurne;0;0;0;3;12.6194;41.8629;-1;2;Autovettura privata;In marcia / fermata / arresto;Conducente;M;Illeso;0;;Non accertato;Inesploso
3996487;8;19/09/2018 08:40:00;Statale;VIA CASILINA;all'intersezione con;CIRCONVALLAZIONE ORIENTALE;CIRCONVALLAZIONE ORIENTALE;;;Tamponamento Multiplo;Incrocio;Una carreggiata a senso unico di marcia;Asciutto;Asfaltata;Verticale ed orizzontale;Sereno;Intenso;Buona;Ore Diurne;0;0;0;3;12.6194;41.8629;-1;2;Autovettura privata;In marcia / fermata / arresto;Passeggero;F;Illeso;0;;Non accertato;Inesploso
3996494;8;19/09/2018 14:30:00;Strada Urbana;VIA RAFFAELE DE FERRARI;all'intersezione con;VIA ANGELO MARABINI;VIA ANGELO MARABINI;;;Scontro laterale fra veicoli in marcia;Intersezione stradale segnalata;Una carreggiata a doppio senso;Bagnato (pioggia);Asfaltata;Verticale ed orizzontale;Nuvoloso;Scarso;Buona;Ore Diurne;1;0;0;3;12.65;41.8637;-1;1;Autovettura privata;In marcia / fermata / arresto;Conducente;M;Illeso;0;;Non accertato;Inesistente
3996494;8;19/09/2018 14:30:00;Strada Urbana;VIA RAFFAELE DE FERRARI;all'intersezione con;VIA ANGELO MARABINI;VIA ANGELO MARABINI;;;Scontro laterale fra veicoli in marcia;Intersezione stradale segnalata;Una carreggiata a doppio senso;Bagnato (pioggia);Asfaltata;Verticale ed orizzontale;Nuvoloso;Scarso;Buona;Ore Diurne;1;0;0;3;12.65;41.8637;-1;1;Autovettura privata;In marcia / fermata / arresto;Passeggero;F;Rimandato;0;NON DECEDUTO;Non accertato;Inesploso
3996494;8;19/09/2018 14:30:00;Strada Urbana;VIA RAFFAELE DE FERRARI;all'intersezione con;VIA ANGELO MARABINI;VIA ANGELO MARABINI;;;Scontro laterale fra veicoli in marcia;Intersezione stradale segnalata;Una carreggiata a doppio senso;Bagnato (pioggia);Asfaltata;Verticale ed orizzontale;Nuvoloso;Scarso;Buona;Ore Diurne;1;0;0;3;12.65;41.8637;-1;2;Autocarro inferiore 35 q.;In marcia / fermata / arresto;Conducente;M;Illeso;0;;Non accertato;Inesistente
3996494;8;19/09/2018 14:30:00;Strada Urbana;VIA RAFFAELE DE FERRARI;all'intersezione con;VIA ANGELO MARABINI;VIA ANGELO MARABINI;;;Scontro laterale fra veicoli in marcia;Intersezione stradale segnalata;Una carreggiata a doppio senso;Bagnato (pioggia);Asfaltata;Verticale ed orizzontale;Nuvoloso;Scarso;Buona;Ore Diurne;1;0;0;3;12.65;41.8637;-1;2;Autocarro inferiore 35 q.;In marcia / fermata / arresto;Passeggero;M;Illeso;0;;;
3996497;8;20/09/2018 02:45:00;Strada Urbana;VIA SAN BIAGIO PLATANI;all'intersezione con;VIA POLLINA;VIA POLLINA;;;Scontro frontale/laterale SX fra veicoli in marcia;Incrocio;Una carreggiata a doppio senso;Bagnato (pioggia);Asfaltata;Verticale;Grandine in atto;Scarso;Buona;Sufficiente;0;0;0;2;12.6448;41.8746;-1;1;Autovettura privata;In marcia / fermata / arresto;Conducente;M;Illeso;0;;Non accertato;Inesploso
3996497;8;20/09/2018 02:45:00;Strada Urbana;VIA SAN BIAGIO PLATANI;all'intersezione con;VIA POLLINA;VIA POLLINA;;;Scontro frontale/laterale SX fra veicoli in marcia;Incrocio;Una carreggiata a doppio senso;Bagnato (pioggia);Asfaltata;Verticale;Grandine in atto;Scarso;Buona;Sufficiente;0;0;0;2;12.6448;41.8746;-1;2;Autovettura privata;In marcia / fermata / arresto;Conducente;M;Illeso;0;;Non accertato;Inesploso
3996499;13;19/09/2018 09:00:00;;VIA GALEAZZO SOMMI PICENARDI;all'intersezione con;VIA CARLO DEL GRECO;VIA CARLO DEL GRECO;;;Veicolo in marcia contro ostacolo fisso;;;;;;;;;;0;0;0;1;12.2905;41.7335;0;1;Autovettura privata;In marcia / fermata / arresto;Conducente;F;Illeso;0;;;
3996509;11;19/09/2018 20:20:00;Strada Urbana;VIA LAURENTINA;all'intersezione semaforizzata con;VIA DI ACQUA ACETOSA OSTIENSE;VIA DI ACQUA ACETOSA OSTIENSE;;;Scontro laterale fra veicoli in marcia;Intersezione semaforizzata;Due carreggiate;Bagnato (pioggia);Asfaltata;Verticale ed orizzontale;Pioggia in atto;Scarso;Buona;Sufficiente;0;0;0;2;12.4811;41.8013;-1;1;Autovettura privata;In marcia / fermata / arresto;Conducente;F;Illeso;0;;Non accertato;
3996509;11;19/09/2018 20:20:00;Strada Urbana;VIA LAURENTINA;all'intersezione semaforizzata con;VIA DI ACQUA ACETOSA OSTIENSE;VIA DI ACQUA ACETOSA OSTIENSE;;;Scontro laterale fra veicoli in marcia;Intersezione semaforizzata;Due carreggiate;Bagnato (pioggia);Asfaltata;Verticale ed orizzontale;Pioggia in atto;Scarso;Buona;Sufficiente;0;0;0;2;12.4811;41.8013;-1;2;Autovettura privata;In marcia / fermata / arresto;Conducente;M;Illeso;0;;Non accertato;
3996513;11;19/09/2018 10:00:00;Strada Urbana;VIA DEL GAZOMETRO;all'intersezione con;VIA CABOTO;VIA CABOTO;;;Scontro laterale fra veicoli in marcia;Intersezione non regolata/non segnalata;Una carreggiata a doppio senso;Asciutto;Asfaltata;Verticale ed orizzontale;Nuvoloso;Normale;Buona;Ore Diurne;0;0;0;2;12.4793;41.871;-1;1;Autovettura privata;In marcia / fermata / arresto;Conducente;M;Illeso;0;;;
3996513;11;19/09/2018 10:00:00;Strada Urbana;VIA DEL GAZOMETRO;all'intersezione con;VIA CABOTO;VIA CABOTO;;;Scontro laterale fra veicoli in marcia;Intersezione non regolata/non segnalata;Una carreggiata a doppio senso;Asciutto;Asfaltata;Verticale ed orizzontale;Nuvoloso;Normale;Buona;Ore Diurne;0;0;0;2;12.4793;41.871;-1;2;Motociclo a solo;In marcia / fermata / arresto;Conducente;M;Illeso;0;;;
3996514;15;19/09/2018 19:00:00;Strada Urbana;VIA GEROLAMO CARDANO;all'intersezione con;PIAZZA ENRICO FERMI;PIAZZA ENRICO FERMI;;;Investimento di pedone;Incrocio;Una carreggiata a senso unico di marcia;Bagnato (pioggia);Asfaltata;Assente;Nuvoloso;Normale;Buona;Sufficiente;1;0;0;1;12.467;41.8631;-1;;;;Pedone;F;Rimandato;0;NON DECEDUTO;;
3996514;15;19/09/2018 19:00:00;Strada Urbana;VIA GEROLAMO CARDANO;all'intersezione con;PIAZZA ENRICO FERMI;PIAZZA ENRICO FERMI;;;Investimento di pedone;Incrocio;Una carreggiata a senso unico di marcia;Bagnato (pioggia);Asfaltata;Assente;Nuvoloso;Normale;Buona;Sufficiente;1;0;0;1;12.467;41.8631;-1;1;Autovettura privata;In marcia / fermata / arresto;Conducente;M;Illeso;0;;Utilizzato;Inesploso
3996521;15;19/09/2018 19:35:00;Strada Urbana;VIA DELLA CASETTA MATTEI;in corrispondenza;;del civico n.;58;;Scontro laterale fra veicoli in marcia;Rettilineo;Una carreggiata a doppio senso;Bagnato (pioggia);Asfaltata;Orizzontale;Pioggia in atto;Normale;Buona;Ore Diurne;0;0;0;5;12.4217;41.8527;-1;1;Autocaravan;In marcia / fermata / arresto;Conducente;M;Illeso;0;;Non accertato;Inesploso
3996521;15;19/09/2018 19:35:00;Strada Urbana;VIA DELLA CASETTA MATTEI;in corrispondenza;;del civico n.;58;;Scontro laterale fra veicoli in marcia;Rettilineo;Una carreggiata a doppio senso;Bagnato (pioggia);Asfaltata;Orizzontale;Pioggia in atto;Normale;Buona;Ore Diurne;0;0;0;5;12.4217;41.8527;-1;1;Autocaravan;In marcia / fermata / arresto;Passeggero;F;Illeso;0;;Non accertato;Inesploso
3996521;15;19/09/2018 19:35:00;Strada Urbana;VIA DELLA CASETTA MATTEI;in corrispondenza;;del civico n.;58;;Scontro laterale fra veicoli in marcia;Rettilineo;Una carreggiata a doppio senso;Bagnato (pioggia);Asfaltata;Orizzontale;Pioggia in atto;Normale;Buona;Ore Diurne;0;0;0;5;12.4217;41.8527;-1;1;Autocaravan;In marcia / fermata / arresto;Passeggero;F;Illeso;0;;;Inesploso
3996521;15;19/09/2018 19:35:00;Strada Urbana;VIA DELLA CASETTA MATTEI;in corrispondenza;;del civico n.;58;;Scontro laterale fra veicoli in marcia;Rettilineo;Una carreggiata a doppio senso;Bagnato (pioggia);Asfaltata;Orizzontale;Pioggia in atto;Normale;Buona;Ore Diurne;0;0;0;5;12.4217;41.8527;-1;1;Autocaravan;In marcia / fermata / arresto;Passeggero;M;Illeso;0;;;Inesistente
3996521;15;19/09/2018 19:35:00;Strada Urbana;VIA DELLA CASETTA MATTEI;in corrispondenza;;del civico n.;58;;Scontro laterale fra veicoli in marcia;Rettilineo;Una carreggiata a doppio senso;Bagnato (pioggia);Asfaltata;Orizzontale;Pioggia in atto;Normale;Buona;Ore Diurne;0;0;0;5;12.4217;41.8527;-1;2;Autocarro inferiore 35 q.;In marcia / fermata / arresto;Conducente;M;Illeso;0;;Non accertato;Inesploso
3996528;13;19/09/2018 15:15:00;Strada Urbana;VIA CIMA VALLONA;all'intersezione con;VIA DOBBIACO;VIA DOBBIACO;;;Scontro frontale/laterale DX fra veicoli in marcia;Incrocio;Una carreggiata a doppio senso;Bagnato (umidità in atto);Asfaltata;Verticale ed orizzontale;Nuvoloso;Scarso;Buona;Ore Diurne;2;0;0;1;12.3773;41.7258;-1;1;Autovettura privata;In marcia / fermata / arresto;Conducente;M;Rimandato;0;NON DECEDUTO;;
3996528;13;19/09/2018 15:15:00;Strada Urbana;VIA CIMA VALLONA;all'intersezione con;VIA DOBBIACO;VIA DOBBIACO;;;Scontro frontale/laterale DX fra veicoli in marcia;Incrocio;Una carreggiata a doppio senso;Bagnato (umidità in atto);Asfaltata;Verticale ed orizzontale;Nuvoloso;Scarso;Buona;Ore Diurne;2;0;0;1;12.3773;41.7258;-1;2;Autovettura privata;In marcia / fermata / arresto;Conducente;M;Illeso;0;;;
3996528;13;19/09/2018 15:15:00;Strada Urbana;VIA CIMA VALLONA;all'intersezione con;VIA DOBBIACO;VIA DOBBIACO;;;Scontro frontale/laterale DX fra veicoli in marcia;Incrocio;Una carreggiata a doppio senso;Bagnato (umidità in atto);Asfaltata;Verticale ed orizzontale;Nuvoloso;Scarso;Buona;Ore Diurne;2;0;0;1;12.3773;41.7258;-1;2;Autovettura privata;In marcia / fermata / arresto;Passeggero;F;Rimandato;0;NON DECEDUTO;;Esploso
3996532;9;19/09/2018 16:10:00;Strada Urbana;VIA TUSCOLANA;all'intersezione con;VIA GELA;VIA GELA;;;Scontro laterale fra veicoli in marcia;Intersezione stradale segnalata;Due carreggiate;Asciutto;Asfaltata;Verticale ed orizzontale;Nuvoloso;Normale;Buona;Ore Diurne;0;0;0;2;12.5218;41.8795;-1;1;Autovettura privata;In marcia / fermata / arresto;Conducente;M;Illeso;0;;Non accertato;Inesploso
3996532;9;19/09/2018 16:10:00;Strada Urbana;VIA TUSCOLANA;all'intersezione con;VIA GELA;VIA GELA;;;Scontro laterale fra veicoli in marcia;Intersezione stradale segnalata;Due carreggiate;Asciutto;Asfaltata;Verticale ed orizzontale;Nuvoloso;Normale;Buona;Ore Diurne;0;0;0;2;12.5218;41.8795;-1;2;Autovettura privata;In marcia / fermata / arresto;Conducente;M;Illeso;0;;Non accertato;Inesploso
3996533;11;19/09/2018 16:45:00;Strada Urbana;VIALE PICO DELLA MIRANDOLA;da specificare;;;;prossimità fronte civico 6;Investimento di pedone;Rettilineo;Una carreggiata a senso unico di marcia;Asciutto;Asfaltata;Verticale ed orizzontale;Nuvoloso;Normale;Buona;Ore Diurne;1;0;0;3;12.4874;41.8473;-1;;;;Pedone;F;Rimandato;0;NON DECEDUTO;;
3996533;11;19/09/2018 16:45:00;Strada Urbana;VIALE PICO DELLA MIRANDOLA;da specificare;;;;prossimità fronte civico 6;Investimento di pedone;Rettilineo;Una carreggiata a senso unico di marcia;Asciutto;Asfaltata;Verticale ed orizzontale;Nuvoloso;Normale;Buona;Ore Diurne;1;0;0;3;12.4874;41.8473;-1;1;Autovettura privata;In marcia / fermata / arresto;Conducente;F;Illeso;0;;;
3996533;11;19/09/2018 16:45:00;Strada Urbana;VIALE PICO DELLA MIRANDOLA;da specificare;;;;prossimità fronte civico 6;Investimento di pedone;Rettilineo;Una carreggiata a senso unico di marcia;Asciutto;Asfaltata;Verticale ed orizzontale;Nuvoloso;Normale;Buona;Ore Diurne;1;0;0;3;12.4874;41.8473;-1;1;Autovettura privata;In marcia / fermata / arresto;Passeggero;F;Illeso;0;;;
3996533;11;19/09/2018 16:45:00;Strada Urbana;VIALE PICO DELLA MIRANDOLA;da specificare;;;;prossimità fronte civico 6;Investimento di pedone;Rettilineo;Una carreggiata a senso unico di marcia;Asciutto;Asfaltata;Verticale ed orizzontale;Nuvoloso;Normale;Buona;Ore Diurne;1;0;0;3;12.4874;41.8473;-1;1;Autovettura privata;In marcia / fermata / arresto;Passeggero;M;Illeso;0;;;
3996540;9;19/09/2018 15:35:00;Strada Urbana;VIA MAGNAGRECIA;in prossimità;;del civico n.;98;;Tamponamento;Rettilineo;Due carreggiate;Bagnato (pioggia);Asfaltata;Orizzontale;Nuvoloso;Normale;Buona;Ore Diurne;0;0;0;2;12.5079;41.8814;-1;1;Autovettura privata;In marcia / fermata / arresto;Conducente;M;Illeso;0;;;
3996540;9;19/09/2018 15:35:00;Strada Urbana;VIA MAGNAGRECIA;in prossimità;;del civico n.;98;;Tamponamento;Rettilineo;Due carreggiate;Bagnato (pioggia);Asfaltata;Orizzontale;Nuvoloso;Normale;Buona;Ore Diurne;0;0;0;2;12.5079;41.8814;-1;2;Autovettura privata;In marcia / fermata / arresto;Conducente;M;Illeso;0;;;
3996546;20;19/09/2018 16:30:00;Regionale entro l'abitato;VIA CASSIA;all'intersezione con;VIA SILLA;VIA SILLA;;;Investimento di pedone;Intersezione non regolata/non segnalata;Una carreggiata a doppio senso;Asciutto;Asfaltata;Verticale ed orizzontale;Nuvoloso;Normale;Buona;Ore Diurne;1;0;0;0;12.4116;41.9833;-1;;;;Pedone;F;Rimandato;0;NON DECEDUTO;;